	CO_ANO	CO_MES	SH4	CO_PAIS	SG_UF_MUN	CO_MUN	KG_LIQUIDO	VL_FOB	VALOR AGREGADO
1	2023.0	11.0	4009.0	493.0	SP	3456701.0	473.0	14008.0	29.61522198731501
2	2023.0	11.0	8536.0	365.0	SP	3438709.0	2.0	181.0	90.5
5	2023.0	6.0	8421.0	63.0	SP	3450308.0	6002.0	131714.0	21.945018327224258
6	2023.0	4.0	9403.0	586.0	SP	3447304.0	70.0	264.0	3.7714285714285714
9	2023.0	6.0	8419.0	158.0	SP	3409502.0	44.0	4456.0	101.27272727272727
12	2023.0	9.0	3305.0	820.0	SP	3456701.0	372.0	8184.0	22.0
16	2023.0	12.0	8471.0	249.0	SP	3450308.0	1473.0	4741262.0	3218.7793618465716
17	2023.0	9.0	3305.0	59.0	SP	3450308.0	60.0	604.0	10.066666666666666
18	2023.0	1.0	4820.0	158.0	SP	3452403.0	116.0	6344.0	54.689655172413794
20	2023.0	10.0	9032.0	845.0	SP	3452403.0	2.0	1803.0	901.5
21	2023.0	8.0	8409.0	158.0	SP	3452205.0	287.0	15884.0	55.34494773519164
23	2023.0	8.0	8708.0	847.0	SP	3413801.0	1794.0	53398.0	29.764771460423635
24	2023.0	10.0	3906.0	317.0	SP	3409502.0	7680.0	32936.0	4.288541666666666
25	2023.0	11.0	2836.0	476.0	SP	3448500.0	13.0	44.0	3.3846153846153846
27	2023.0	8.0	2106.0	580.0	SP	3448500.0	614.0	4920.0	8.013029315960912
28	2023.0	8.0	7616.0	63.0	SP	3425904.0	16987.0	166199.0	9.783893565667864
30	2023.0	12.0	3925.0	845.0	SP	3413801.0	614.0	24125.0	39.29153094462541
31	2023.0	6.0	801.0	434.0	SP	3448500.0	97.0	601.0	6.195876288659794
32	2023.0	12.0	8708.0	521.0	SP	3426902.0	1737.0	19702.0	11.342544617156015
33	2023.0	8.0	8466.0	493.0	SP	3443907.0	102.0	14800.0	145.09803921568627
36	2023.0	9.0	3919.0	77.0	SP	3448500.0	24.0	342.0	14.25
40	2023.0	9.0	8438.0	245.0	SP	3450308.0	62.0	5256.0	84.7741935483871
44	2023.0	1.0	3906.0	158.0	SP	3403208.0	11000.0	27763.0	2.523909090909091
47	2023.0	2.0	207.0	476.0	SP	3448500.0	4275.0	13264.0	3.1026900584795323
50	2023.0	9.0	8421.0	158.0	SP	3405708.0	4692.0	39080.0	8.329070758738277
51	2023.0	5.0	8305.0	434.0	SP	3448500.0	11.0	277.0	25.181818181818183
60	2023.0	6.0	7318.0	158.0	SP	3418800.0	3.0	275.0	91.66666666666667
64	2023.0	3.0	3305.0	69.0	SP	3434401.0	15.0	949.0	63.266666666666666
69	2023.0	7.0	702.0	580.0	SP	3448500.0	1332.0	3700.0	2.7777777777777777
72	2023.0	7.0	8608.0	169.0	SP	3450308.0	1070.0	15721.0	14.69252336448598
74	2023.0	9.0	4010.0	493.0	SP	3456701.0	237.0	25819.0	108.94092827004219
77	2023.0	9.0	8419.0	97.0	SP	3423107.0	293.0	5324.0	18.170648464163822
82	2023.0	4.0	1502.0	383.0	SP	3425706.0	8339.0	6672.0	0.8000959347643603
89	2023.0	7.0	8708.0	239.0	SP	3456701.0	4572.0	102625.0	22.446412948381454
94	2023.0	1.0	7007.0	586.0	SP	3452403.0	104.0	1232.0	11.846153846153847
95	2023.0	2.0	6204.0	275.0	SP	3413009.0	96.0	18716.0	194.95833333333334
98	2023.0	4.0	8421.0	239.0	SP	3425904.0	52.0	4098.0	78.8076923076923
102	2023.0	1.0	2004.0	63.0	SP	3450308.0	28826.0	49516.0	1.7177548046902102
110	2023.0	7.0	8517.0	845.0	SP	3413801.0	1.0	2212.0	2212.0
111	2023.0	9.0	2710.0	434.0	SP	3450308.0	623.0	2165.0	3.475120385232745
112	2023.0	2.0	901.0	249.0	SP	3450308.0	20490.0	291702.0	14.236310395314788
117	2023.0	9.0	9025.0	63.0	SP	3440606.0	1.0	15.0	15.0
118	2023.0	9.0	3402.0	467.0	SP	3448500.0	145.0	347.0	2.393103448275862
122	2023.0	12.0	3401.0	77.0	SP	3448500.0	55.0	326.0	5.927272727272728
123	2023.0	4.0	8413.0	249.0	SP	3418800.0	22.0	4485.0	203.86363636363637
124	2023.0	8.0	8487.0	163.0	SP	3448500.0	1.0	7.0	7.0
125	2023.0	9.0	3402.0	158.0	SP	3452403.0	101.0	434.0	4.297029702970297
129	2023.0	10.0	8302.0	776.0	SP	3452205.0	16.0	331.0	20.6875
132	2023.0	11.0	8536.0	589.0	SP	3456701.0	86.0	11396.0	132.51162790697674
133	2023.0	4.0	9025.0	361.0	SP	3452205.0	1.0	196.0	196.0
137	2023.0	5.0	2929.0	589.0	SP	3405708.0	9560.0	41218.0	4.311506276150627
138	2023.0	10.0	3506.0	476.0	SP	3448500.0	78.0	918.0	11.76923076923077
139	2023.0	7.0	8512.0	586.0	SP	3409502.0	280.0	10263.0	36.65357142857143
140	2023.0	2.0	3301.0	573.0	SP	3422703.0	38000.0	425850.0	11.20657894736842
141	2023.0	10.0	8483.0	647.0	SP	3456701.0	9.0	1353.0	150.33333333333334
142	2023.0	9.0	1804.0	63.0	SP	3444004.0	3000.0	15000.0	5.0
148	2023.0	11.0	3908.0	63.0	SP	3445803.0	40500.0	229560.0	5.668148148148148
156	2023.0	3.0	710.0	580.0	SP	3448500.0	2502.0	4781.0	1.9108713029576339
163	2023.0	3.0	8482.0	196.0	SP	3452205.0	18.0	827.0	45.94444444444444
164	2023.0	12.0	3911.0	455.0	SP	3447809.0	15000.0	30424.0	2.0282666666666667
165	2023.0	3.0	1101.0	467.0	SP	3448500.0	510.0	556.0	1.0901960784313725
167	2023.0	6.0	207.0	351.0	SP	3457105.0	297000.0	710610.0	2.3926262626262624
168	2023.0	3.0	8708.0	190.0	SP	3448807.0	528.0	39182.0	74.20833333333333
171	2023.0	3.0	3907.0	589.0	SP	3409502.0	7220.0	18122.0	2.5099722991689752
172	2023.0	7.0	709.0	160.0	SP	3448500.0	1161.0	2265.0	1.950904392764858
175	2023.0	10.0	2202.0	158.0	SP	3401905.0	536353.0	432457.0	0.8062917518872832
176	2023.0	7.0	8462.0	687.0	SP	3403208.0	5.0	461.0	92.2
181	2023.0	3.0	3901.0	239.0	SP	3436505.0	445500.0	430307.0	0.9658967452300785
183	2023.0	2.0	8511.0	63.0	SP	3448807.0	20190.0	287830.0	14.256067360079248
189	2023.0	2.0	8708.0	63.0	SP	3456701.0	91784.0	1713883.0	18.673004009413404
193	2023.0	11.0	8433.0	160.0	SP	3452205.0	97.0	799.0	8.237113402061855
195	2023.0	8.0	1512.0	77.0	SP	3448500.0	138.0	609.0	4.413043478260869
196	2023.0	8.0	8428.0	586.0	SP	3448708.0	23438.0	139744.0	5.962283471285946
197	2023.0	10.0	8302.0	63.0	SP	3449904.0	673.0	8527.0	12.670133729569093
200	2023.0	7.0	3402.0	580.0	SP	3423404.0	2400.0	15923.0	6.6345833333333335
205	2023.0	5.0	5911.0	586.0	SP	3456503.0	3152.0	53966.0	17.121192893401016
206	2023.0	10.0	8413.0	521.0	SP	3452205.0	80.0	2243.0	28.0375
207	2023.0	7.0	8512.0	586.0	SP	3452403.0	46.0	7079.0	153.8913043478261
209	2023.0	4.0	2915.0	63.0	SP	3450308.0	7851.0	50147.0	6.387339192459559
210	2023.0	4.0	3305.0	438.0	SP	3450308.0	14247.0	117468.0	8.245104232469993
216	2023.0	4.0	8708.0	345.0	SP	3450308.0	9582.0	82249.0	8.583698601544564
219	2023.0	8.0	2207.0	267.0	SP	3451702.0	4940411.0	3797145.0	0.7685888886572393
222	2023.0	10.0	9004.0	158.0	SP	3448906.0	4.0	150.0	37.5
226	2023.0	3.0	8409.0	63.0	SP	3452205.0	2944.0	51327.0	17.43444293478261
229	2023.0	1.0	8467.0	63.0	SP	3409502.0	43.0	1214.0	28.232558139534884
231	2023.0	4.0	8208.0	890.0	SP	3452205.0	4.0	97.0	24.25
232	2023.0	9.0	806.0	77.0	SP	3448500.0	11.0	58.0	5.2727272727272725
235	2023.0	3.0	8417.0	63.0	SP	3430706.0	15553.0	96248.0	6.188388092329454
238	2023.0	11.0	1005.0	160.0	SP	3450308.0	35396136.0	9911092.0	0.28000491353067464
243	2023.0	7.0	4202.0	607.0	SP	3450308.0	197.0	7127.0	36.17766497461929
244	2023.0	10.0	9506.0	538.0	SP	3447809.0	100.0	3130.0	31.3
247	2023.0	6.0	7326.0	97.0	SP	3452205.0	210.0	3201.0	15.242857142857142
248	2023.0	4.0	8412.0	63.0	SP	3438709.0	427.0	12151.0	28.456674473067917
250	2023.0	7.0	3926.0	169.0	SP	3452205.0	2019.0	17885.0	8.858345715700843
251	2023.0	11.0	4010.0	741.0	SP	3418800.0	15.0	1468.0	97.86666666666666
253	2023.0	4.0	7307.0	580.0	SP	3448500.0	364.0	9468.0	26.01098901098901
254	2023.0	11.0	8703.0	249.0	SP	3450308.0	32811.0	389315.0	11.865380512632958
255	2023.0	9.0	6106.0	249.0	SP	3450308.0	19.0	2994.0	157.57894736842104
256	2023.0	5.0	1602.0	741.0	SP	3448500.0	510.0	2303.0	4.515686274509804
258	2023.0	9.0	9401.0	386.0	SP	3450308.0	100.0	4951.0	49.51
259	2023.0	1.0	3902.0	493.0	SP	3436505.0	120000.0	146971.0	1.2247583333333334
261	2023.0	2.0	3507.0	169.0	SP	3426902.0	200.0	4644.0	23.22
262	2023.0	5.0	206.0	301.0	SP	3448500.0	154.0	759.0	4.928571428571429
267	2023.0	11.0	1211.0	351.0	SP	3448500.0	25.0	185.0	7.4
268	2023.0	6.0	2833.0	586.0	SP	3405708.0	5200.0	14636.0	2.8146153846153847
270	2023.0	3.0	3304.0	69.0	SP	3454805.0	1.0	164.0	164.0
271	2023.0	9.0	7326.0	97.0	SP	3450308.0	3207.0	20730.0	6.463985032740879
275	2023.0	8.0	8523.0	493.0	SP	3448906.0	12.0	680.0	56.666666666666664
278	2023.0	12.0	8479.0	160.0	SP	3434708.0	9074.0	214223.0	23.60844170156491
279	2023.0	11.0	3006.0	158.0	SP	3422505.0	338.0	9521.0	28.168639053254438
280	2023.0	10.0	703.0	467.0	SP	3448500.0	1120.0	2442.0	2.180357142857143
281	2023.0	9.0	6403.0	77.0	SP	3448500.0	6.0	334.0	55.666666666666664
285	2023.0	3.0	7326.0	589.0	SP	3450308.0	1367.0	15907.0	11.636430138990491
286	2023.0	3.0	8542.0	40.0	SP	3409502.0	3.0	5618.0	1872.6666666666667
287	2023.0	2.0	1202.0	548.0	SP	3455000.0	198000.0	264505.0	1.3358838383838383
290	2023.0	8.0	5911.0	845.0	SP	3456206.0	164.0	1558.0	9.5
297	2023.0	8.0	6403.0	69.0	SP	3416200.0	6070.0	200740.0	33.07084019769358
299	2023.0	10.0	206.0	23.0	SP	3448500.0	49.0	198.0	4.040816326530612
306	2023.0	10.0	3208.0	827.0	SP	3409205.0	37312.0	223683.0	5.994934605488851
307	2023.0	11.0	9032.0	244.0	SP	3452502.0	1.0	1609.0	1609.0
308	2023.0	10.0	4009.0	149.0	SP	3452205.0	3.0	148.0	49.333333333333336
310	2023.0	6.0	8302.0	97.0	SP	3416200.0	51.0	1149.0	22.529411764705884
312	2023.0	10.0	7616.0	63.0	SP	3450308.0	1464.0	11195.0	7.646857923497268
314	2023.0	5.0	8483.0	63.0	SP	3420509.0	26936.0	275981.0	10.245804870804871
317	2023.0	11.0	3824.0	63.0	SP	3424006.0	54000.0	119361.0	2.2103888888888887
319	2023.0	3.0	9603.0	169.0	SP	3413009.0	2038.0	66851.0	32.80225711481845
320	2023.0	2.0	3701.0	169.0	SP	3452502.0	15109.0	127081.0	8.41094711761202
322	2023.0	8.0	2710.0	43.0	SP	3448500.0	699275.0	468411.0	0.669852347073755
326	2023.0	6.0	8481.0	249.0	SP	3433908.0	7.0	1088.0	155.42857142857142
331	2023.0	7.0	3301.0	493.0	SP	3454102.0	73.0	14861.0	203.57534246575344
332	2023.0	2.0	8001.0	249.0	SP	3439103.0	100237.0	2442482.0	24.36707004399573
335	2023.0	10.0	8483.0	493.0	SP	3425904.0	301.0	7285.0	24.20265780730897
338	2023.0	9.0	6805.0	586.0	SP	3452403.0	133.0	4755.0	35.75187969924812
341	2023.0	8.0	8536.0	23.0	SP	3448708.0	106.0	5705.0	53.820754716981135
343	2023.0	2.0	8708.0	275.0	SP	3409502.0	117.0	598.0	5.111111111111111
347	2023.0	7.0	3305.0	764.0	SP	3451009.0	89.0	4142.0	46.53932584269663
348	2023.0	7.0	7320.0	493.0	SP	3440002.0	780.0	6481.0	8.308974358974359
350	2023.0	8.0	8501.0	63.0	SP	3409502.0	919.0	20369.0	22.16430903155604
353	2023.0	12.0	7606.0	586.0	SP	3438006.0	42500.0	198981.0	4.681905882352941
355	2023.0	5.0	709.0	580.0	SP	3448500.0	5103.0	9858.0	1.9318048206937095
358	2023.0	10.0	807.0	628.0	SP	3448500.0	340.0	380.0	1.1176470588235294
361	2023.0	1.0	4818.0	97.0	SP	3407605.0	15469.0	40068.0	2.590212683431379
365	2023.0	3.0	801.0	301.0	SP	3448500.0	61.0	81.0	1.3278688524590163
368	2023.0	7.0	8482.0	573.0	SP	3452502.0	77.0	4487.0	58.27272727272727
369	2023.0	10.0	1901.0	169.0	SP	3415004.0	25000.0	50773.0	2.03092
372	2023.0	3.0	2304.0	23.0	SP	3412001.0	139758.0	79831.0	0.5712088037894074
373	2023.0	1.0	8484.0	239.0	SP	3450308.0	411.0	9269.0	22.552311435523116
374	2023.0	5.0	808.0	434.0	SP	3448500.0	3128.0	6187.0	1.9779411764705883
375	2023.0	4.0	8421.0	249.0	SP	3409502.0	3375.0	162109.0	48.032296296296295
376	2023.0	6.0	8536.0	169.0	SP	3416705.0	692.0	1004.0	1.4508670520231215
378	2023.0	9.0	7318.0	776.0	SP	3452205.0	1083.0	10336.0	9.543859649122806
380	2023.0	10.0	2202.0	160.0	SP	3448500.0	42.0	58.0	1.380952380952381
381	2023.0	12.0	3301.0	741.0	SP	3403208.0	27680.0	393252.0	14.207080924855491
382	2023.0	1.0	3402.0	63.0	SP	3424402.0	324020.0	814626.0	2.514122585025616
385	2023.0	9.0	3824.0	493.0	SP	3409502.0	100.0	1060.0	10.6
388	2023.0	8.0	207.0	434.0	SP	3413504.0	187760.0	203293.0	1.0827279505752023
396	2023.0	3.0	3923.0	158.0	SP	3448906.0	127.0	3302.0	26.0
397	2023.0	12.0	8483.0	239.0	SP	3423404.0	149.0	5484.0	36.80536912751678
399	2023.0	9.0	3917.0	158.0	SP	3456701.0	10.0	1463.0	146.3
402	2023.0	1.0	4008.0	586.0	SP	3449904.0	213.0	4465.0	20.962441314553992
404	2023.0	1.0	8512.0	158.0	SP	3450308.0	1076.0	21186.0	19.689591078066915
405	2023.0	10.0	9031.0	169.0	SP	3452205.0	8.0	2498.0	312.25
407	2023.0	10.0	8308.0	63.0	SP	3448708.0	10758.0	496757.0	46.17559025841234
408	2023.0	11.0	9030.0	647.0	SP	3448906.0	6.0	2150.0	358.3333333333333
413	2023.0	6.0	402.0	434.0	SP	3448500.0	260.0	899.0	3.457692307692308
420	2023.0	12.0	8708.0	493.0	SP	3418800.0	8461.0	136995.0	16.19134854036166
421	2023.0	8.0	1902.0	281.0	SP	3448500.0	52.0	221.0	4.25
422	2023.0	2.0	7318.0	23.0	SP	3449904.0	13.0	79120.0	6086.153846153846
423	2023.0	10.0	8481.0	249.0	SP	3452205.0	668.0	52737.0	78.94760479041916
425	2023.0	1.0	9026.0	169.0	SP	3456701.0	161.0	30601.0	190.06832298136646
427	2023.0	5.0	9029.0	63.0	SP	3452205.0	20.0	4140.0	207.0
429	2023.0	4.0	709.0	476.0	SP	3448500.0	2569.0	6175.0	2.4036590112884393
430	2023.0	9.0	4802.0	628.0	SP	3452502.0	304254.0	226060.0	0.7429976269827184
431	2023.0	8.0	8482.0	493.0	SP	3456701.0	682.0	26516.0	38.87976539589443
432	2023.0	12.0	8301.0	158.0	SP	3456701.0	14.0	2704.0	193.14285714285714
433	2023.0	8.0	8455.0	628.0	SP	3438006.0	3200.0	34805.0	10.8765625
434	2023.0	1.0	8708.0	845.0	SP	3425904.0	773.0	12229.0	15.820181112548513
436	2023.0	1.0	2201.0	476.0	SP	3448500.0	46425.0	14377.0	0.30968228325255787
437	2023.0	11.0	3304.0	239.0	SP	3450308.0	72.0	2718.0	37.75
439	2023.0	5.0	5516.0	97.0	SP	3401608.0	101.0	1575.0	15.594059405940595
440	2023.0	10.0	9026.0	97.0	SP	3425904.0	8.0	406.0	50.75
441	2023.0	10.0	2844.0	573.0	SP	3450308.0	1498.0	17746.0	11.846461949265688
442	2023.0	6.0	3402.0	845.0	SP	3411102.0	735.0	1587.0	2.159183673469388
445	2023.0	3.0	8205.0	687.0	SP	3450308.0	2.0	125.0	62.5
447	2023.0	1.0	4009.0	493.0	SP	3456701.0	360.0	11943.0	33.175
448	2023.0	6.0	7318.0	63.0	SP	3430607.0	2335.0	62720.0	26.86081370449679
449	2023.0	3.0	8302.0	63.0	SP	3405708.0	11.0	271.0	24.636363636363637
453	2023.0	2.0	1806.0	249.0	SP	3448500.0	12425.0	402942.0	32.42993963782696
459	2023.0	7.0	2004.0	776.0	SP	3450704.0	66.0	171.0	2.590909090909091
460	2023.0	3.0	8517.0	158.0	SP	3418305.0	1.0	125.0	125.0
465	2023.0	10.0	3305.0	249.0	SP	3405708.0	2006.0	9911.0	4.940677966101695
475	2023.0	1.0	703.0	476.0	SP	3448500.0	2547.0	6118.0	2.4020416175893207
477	2023.0	3.0	8483.0	63.0	SP	3456701.0	5399.0	304098.0	56.32487497684757
481	2023.0	2.0	3901.0	160.0	SP	3436505.0	25000.0	17005.0	0.6802
482	2023.0	1.0	8483.0	355.0	SP	3424006.0	407.0	6379.0	15.673218673218674
484	2023.0	10.0	3208.0	169.0	SP	3452403.0	1986.0	12055.0	6.069989929506546
491	2023.0	8.0	6112.0	607.0	SP	3450308.0	1.0	608.0	608.0
493	2023.0	3.0	8432.0	845.0	SP	3429302.0	83762.0	369138.0	4.406986461641317
495	2023.0	7.0	9026.0	249.0	SP	3437800.0	22.0	204.0	9.272727272727273
496	2023.0	1.0	8413.0	493.0	SP	3438709.0	60.0	9765.0	162.75
497	2023.0	10.0	8708.0	158.0	SP	3452403.0	1828.0	60976.0	33.35667396061269
502	2023.0	12.0	2102.0	580.0	SP	3450308.0	65.0	377.0	5.8
503	2023.0	10.0	7214.0	493.0	SP	3438006.0	25106.0	25644.0	1.0214291404445153
508	2023.0	12.0	8414.0	160.0	SP	3420509.0	8513.0	129884.0	15.25713614471984
510	2023.0	10.0	3917.0	845.0	SP	3447304.0	8014.0	38071.0	4.7505615173446465
513	2023.0	12.0	1104.0	434.0	SP	3448500.0	166.0	520.0	3.1325301204819276
516	2023.0	11.0	2103.0	63.0	SP	3441406.0	14647.0	28023.0	1.913224551102615
519	2023.0	1.0	8482.0	158.0	SP	3405708.0	34.0	928.0	27.294117647058822
520	2023.0	2.0	8302.0	239.0	SP	3456701.0	33.0	478.0	14.484848484848484
522	2023.0	6.0	7326.0	845.0	SP	3452403.0	12.0	2762.0	230.16666666666666
523	2023.0	11.0	2103.0	386.0	SP	3448500.0	470.0	996.0	2.119148936170213
524	2023.0	5.0	3926.0	97.0	SP	3409502.0	268.0	11286.0	42.11194029850746
526	2023.0	8.0	901.0	158.0	SP	3412407.0	7200.0	41568.0	5.773333333333333
527	2023.0	7.0	8414.0	586.0	SP	3452205.0	709.0	24878.0	35.08885754583921
529	2023.0	12.0	8481.0	493.0	SP	3429401.0	2202.0	9169.0	4.163941871026339
536	2023.0	2.0	2204.0	77.0	SP	3448500.0	42.0	198.0	4.714285714285714
538	2023.0	9.0	7019.0	97.0	SP	3413801.0	388.0	1630.0	4.201030927835052
542	2023.0	5.0	8419.0	23.0	SP	3413108.0	4.0	6034.0	1508.5
543	2023.0	12.0	8422.0	249.0	SP	3413801.0	24.0	5198.0	216.58333333333334
546	2023.0	8.0	8487.0	337.0	SP	3425904.0	1.0	77.0	77.0
547	2023.0	10.0	207.0	573.0	SP	3413504.0	79200.0	213711.0	2.698371212121212
548	2023.0	1.0	9401.0	493.0	SP	3429401.0	264.0	6064.0	22.96969696969697
549	2023.0	9.0	8483.0	756.0	SP	3405906.0	859.0	25936.0	30.19324796274738
551	2023.0	5.0	5607.0	589.0	SP	3450308.0	2.0	178.0	89.0
555	2023.0	4.0	3307.0	40.0	SP	3413801.0	22615.0	66137.0	2.924474906035817
557	2023.0	5.0	8536.0	275.0	SP	3452205.0	119.0	13558.0	113.9327731092437
560	2023.0	3.0	7318.0	239.0	SP	3405906.0	6.0	99.0	16.5
563	2023.0	5.0	8481.0	158.0	SP	3423909.0	454.0	5721.0	12.601321585903083
564	2023.0	3.0	8433.0	573.0	SP	3438105.0	5606.0	55618.0	9.921155904388156
567	2023.0	7.0	4009.0	845.0	SP	3425904.0	27.0	1124.0	41.629629629629626
568	2023.0	4.0	3923.0	63.0	SP	3448708.0	9213.0	71356.0	7.74514273309454
570	2023.0	3.0	4421.0	40.0	SP	3416200.0	7.0	503.0	71.85714285714286
574	2023.0	12.0	1101.0	476.0	SP	3448500.0	2368.0	3728.0	1.5743243243243243
575	2023.0	3.0	6302.0	607.0	SP	3448500.0	13.0	782.0	60.15384615384615
577	2023.0	6.0	2915.0	239.0	SP	3436505.0	41600.0	49456.0	1.1888461538461539
579	2023.0	11.0	8708.0	97.0	SP	3425904.0	1024.0	33419.0	32.6357421875
581	2023.0	7.0	2309.0	97.0	SP	3418206.0	26000.0	18545.0	0.7132692307692308
586	2023.0	4.0	7307.0	169.0	SP	3425904.0	5.0	241.0	48.2
587	2023.0	3.0	7318.0	249.0	SP	3449904.0	61.0	93875.0	1538.9344262295083
589	2023.0	3.0	8302.0	589.0	SP	3413801.0	331.0	6800.0	20.54380664652568
592	2023.0	2.0	8542.0	493.0	SP	3419071.0	12.0	16193.0	1349.4166666666667
593	2023.0	5.0	1905.0	586.0	SP	3408504.0	3765.0	13051.0	3.4664010624169985
594	2023.0	3.0	3214.0	249.0	SP	3443402.0	121.0	6374.0	52.67768595041322
595	2023.0	7.0	4202.0	493.0	SP	3450308.0	2.0	279.0	139.5
598	2023.0	10.0	6907.0	158.0	SP	3412407.0	1657685.0	366555.0	0.22112464068867124
602	2023.0	4.0	4201.0	149.0	SP	3441406.0	221.0	8776.0	39.710407239819006
603	2023.0	11.0	6102.0	249.0	SP	3450308.0	13.0	2487.0	191.30769230769232
604	2023.0	1.0	9029.0	249.0	SP	3418800.0	2.0	471.0	235.5
605	2023.0	5.0	9026.0	493.0	SP	3452205.0	6.0	608.0	101.33333333333333
607	2023.0	1.0	8708.0	493.0	SP	3456701.0	36365.0	586328.0	16.123415371923553
608	2023.0	3.0	2009.0	434.0	SP	3448500.0	3055.0	4608.0	1.5083469721767595
612	2023.0	1.0	1516.0	845.0	SP	3425904.0	322440.0	610356.0	1.8929289170078154
613	2023.0	8.0	8302.0	169.0	SP	3452403.0	3.0	142.0	47.333333333333336
614	2023.0	9.0	8409.0	169.0	SP	3452205.0	172.0	8283.0	48.156976744186046
618	2023.0	3.0	5508.0	239.0	SP	3450308.0	33.0	211.0	6.393939393939394
619	2023.0	7.0	8409.0	845.0	SP	3452403.0	3.0	1350.0	450.0
623	2023.0	2.0	8484.0	493.0	SP	3409502.0	8.0	1695.0	211.875
624	2023.0	4.0	8708.0	647.0	SP	3425904.0	351.0	20435.0	58.21937321937322
628	2023.0	12.0	801.0	476.0	SP	3448500.0	126.0	705.0	5.595238095238095
630	2023.0	1.0	6108.0	249.0	SP	3454102.0	4.0	20.0	5.0
633	2023.0	5.0	3923.0	63.0	SP	3427306.0	29738.0	122510.0	4.119644898782703
634	2023.0	7.0	714.0	163.0	SP	3448500.0	62.0	99.0	1.596774193548387
637	2023.0	5.0	709.0	628.0	SP	3448500.0	431.0	1223.0	2.8375870069605567
643	2023.0	7.0	7019.0	245.0	SP	3410401.0	75486.0	75839.0	1.0046763638290543
645	2023.0	12.0	8708.0	603.0	SP	3456206.0	26768.0	163206.0	6.097056186491333
646	2023.0	6.0	8536.0	249.0	SP	3412407.0	4309.0	111157.0	25.79647249941982
648	2023.0	8.0	1904.0	43.0	SP	3448500.0	248.0	401.0	1.6169354838709677
650	2023.0	4.0	3004.0	169.0	SP	3413009.0	17433.0	1232273.0	70.68622727011989
653	2023.0	5.0	8536.0	361.0	SP	3407605.0	4193.0	102166.0	24.36584784164083
654	2023.0	12.0	8302.0	63.0	SP	3423107.0	7.0	1847.0	263.85714285714283
655	2023.0	6.0	8421.0	23.0	SP	3409502.0	6965.0	507769.0	72.90294328786791
656	2023.0	8.0	8708.0	63.0	SP	3425904.0	124880.0	1372661.0	10.991840166559898
657	2023.0	8.0	7606.0	586.0	SP	3403307.0	2570.0	10741.0	4.179377431906615
658	2023.0	8.0	9603.0	476.0	SP	3448500.0	208.0	3156.0	15.173076923076923
659	2023.0	11.0	8802.0	169.0	SP	3450308.0	128.0	19811.0	154.7734375
660	2023.0	7.0	1903.0	573.0	SP	3424006.0	3600.0	10440.0	2.9
661	2023.0	10.0	8483.0	586.0	SP	3429401.0	151.0	1272.0	8.42384105960265
662	2023.0	7.0	3906.0	97.0	SP	3412407.0	12950.0	7898.0	0.6098841698841699
664	2023.0	1.0	8481.0	845.0	SP	3452205.0	613.0	19766.0	32.24469820554649
668	2023.0	3.0	9608.0	476.0	SP	3448500.0	65.0	166.0	2.5538461538461537
669	2023.0	1.0	7013.0	63.0	SP	3450308.0	57.0	248.0	4.350877192982456
673	2023.0	8.0	4016.0	63.0	SP	3452403.0	90.0	12205.0	135.61111111111111
676	2023.0	1.0	7307.0	361.0	SP	3452205.0	39.0	1551.0	39.76923076923077
678	2023.0	11.0	1804.0	63.0	SP	3444004.0	2000.0	10468.0	5.234
679	2023.0	11.0	8473.0	365.0	SP	3405708.0	46.0	33305.0	724.0217391304348
681	2023.0	10.0	3926.0	23.0	SP	3403901.0	9.0	2212.0	245.77777777777777
689	2023.0	10.0	7009.0	647.0	SP	3456701.0	51.0	3602.0	70.62745098039215
690	2023.0	2.0	8503.0	23.0	SP	3409502.0	792.0	14188.0	17.914141414141415
692	2023.0	8.0	8708.0	275.0	SP	3420509.0	13391.0	233429.0	17.431782540512284
693	2023.0	1.0	807.0	163.0	SP	3448500.0	882.0	861.0	0.9761904761904762
694	2023.0	5.0	3005.0	580.0	SP	3448500.0	54.0	522.0	9.666666666666666
697	2023.0	8.0	2103.0	476.0	SP	3448500.0	1149.0	7564.0	6.583115752828546
699	2023.0	2.0	5112.0	249.0	SP	3409007.0	2399.0	44966.0	18.743643184660275
700	2023.0	11.0	1806.0	434.0	SP	3448500.0	530.0	5073.0	9.571698113207548
701	2023.0	4.0	6814.0	399.0	SP	3448708.0	72.0	7793.0	108.23611111111111
702	2023.0	6.0	7616.0	158.0	SP	3418800.0	21401.0	144684.0	6.760618662679314
703	2023.0	6.0	807.0	301.0	SP	3448500.0	246.0	317.0	1.2886178861788617
706	2023.0	9.0	6907.0	83.0	SP	3446702.0	132425.0	27150.0	0.2050217104021144
707	2023.0	5.0	804.0	232.0	SP	3448500.0	95.0	169.0	1.7789473684210526
710	2023.0	9.0	8424.0	494.0	SP	3440002.0	20936.0	427850.0	20.436090943828813
713	2023.0	2.0	5211.0	249.0	SP	3445803.0	30.0	416.0	13.866666666666667
715	2023.0	3.0	9402.0	493.0	SP	3448906.0	846.0	14891.0	17.6016548463357
717	2023.0	5.0	8302.0	317.0	SP	3452205.0	25.0	648.0	25.92
718	2023.0	5.0	3926.0	63.0	SP	3408504.0	1607.0	18312.0	11.395146235220908
719	2023.0	4.0	3919.0	158.0	SP	3448906.0	85.0	44887.0	528.0823529411765
721	2023.0	11.0	9032.0	69.0	SP	3452205.0	8.0	6654.0	831.75
722	2023.0	12.0	6806.0	580.0	SP	3448500.0	43.0	906.0	21.069767441860463
725	2023.0	3.0	1806.0	249.0	SP	3407605.0	1256.0	6688.0	5.32484076433121
726	2023.0	10.0	3916.0	586.0	SP	3409502.0	103.0	1442.0	14.0
728	2023.0	4.0	8708.0	158.0	SP	3448708.0	18959.0	187118.0	9.869613376232923
730	2023.0	4.0	6104.0	275.0	SP	3450308.0	155.0	13935.0	89.90322580645162
732	2023.0	11.0	2209.0	386.0	SP	3448500.0	67.0	67.0	1.0
733	2023.0	1.0	8414.0	63.0	SP	3409502.0	2401.0	146501.0	61.016659725114536
736	2023.0	4.0	408.0	90.0	SP	3448500.0	79.0	189.0	2.392405063291139
740	2023.0	2.0	3208.0	63.0	SP	3448708.0	253436.0	878647.0	3.4669383986489684
749	2023.0	10.0	1516.0	845.0	SP	3450308.0	8640.0	15833.0	1.832523148148148
753	2023.0	11.0	8538.0	158.0	SP	3418800.0	3.0	961.0	320.3333333333333
754	2023.0	6.0	3305.0	607.0	SP	3418800.0	1380.0	8626.0	6.250724637681159
756	2023.0	10.0	8481.0	249.0	SP	3413108.0	316.0	8705.0	27.54746835443038
762	2023.0	8.0	406.0	741.0	SP	3448500.0	105.0	1370.0	13.047619047619047
764	2023.0	11.0	707.0	476.0	SP	3448500.0	1081.0	1306.0	1.208140610545791
765	2023.0	12.0	7318.0	63.0	SP	3449904.0	24.0	707.0	29.458333333333332
766	2023.0	8.0	3920.0	845.0	SP	3450308.0	11474.0	58761.0	5.121230608331881
769	2023.0	10.0	8466.0	160.0	SP	3420509.0	15.0	3767.0	251.13333333333333
774	2023.0	7.0	1905.0	741.0	SP	3448500.0	711.0	3770.0	5.3023909985935305
775	2023.0	7.0	8412.0	586.0	SP	3425904.0	39.0	1325.0	33.97435897435897
776	2023.0	8.0	7318.0	97.0	SP	3456206.0	12.0	655.0	54.583333333333336
777	2023.0	5.0	207.0	245.0	SP	3413504.0	191055.0	618571.0	3.2376593127633404
779	2023.0	4.0	3926.0	586.0	SP	3445803.0	666.0	4794.0	7.198198198198198
780	2023.0	3.0	8501.0	249.0	SP	3425904.0	104.0	40815.0	392.4519230769231
783	2023.0	3.0	6404.0	275.0	SP	3450308.0	4.0	1915.0	478.75
787	2023.0	7.0	3919.0	586.0	SP	3452205.0	7.0	831.0	118.71428571428571
797	2023.0	3.0	8537.0	169.0	SP	3454102.0	30.0	367.0	12.233333333333333
798	2023.0	1.0	9032.0	158.0	SP	3456701.0	240.0	97730.0	407.2083333333333
799	2023.0	12.0	804.0	434.0	SP	3448500.0	1770.0	3114.0	1.759322033898305
800	2023.0	1.0	3507.0	845.0	SP	3450308.0	13100.0	156271.0	11.92908396946565
801	2023.0	4.0	8481.0	249.0	SP	3434708.0	5.0	300.0	60.0
805	2023.0	10.0	2102.0	476.0	SP	3448500.0	45.0	364.0	8.088888888888889
808	2023.0	2.0	2818.0	573.0	SP	3449102.0	24000.0	23232.0	0.968
816	2023.0	2.0	1302.0	169.0	SP	3426902.0	12515.0	152116.0	12.154694366759887
818	2023.0	12.0	7415.0	589.0	SP	3409502.0	2.0	779.0	389.5
820	2023.0	7.0	8483.0	249.0	SP	3418800.0	1387.0	19839.0	14.303532804614276
822	2023.0	9.0	7326.0	97.0	SP	3409502.0	93.0	4227.0	45.45161290322581
828	2023.0	9.0	7009.0	756.0	SP	3452205.0	19.0	571.0	30.05263157894737
840	2023.0	3.0	808.0	434.0	SP	3448500.0	2017.0	4872.0	2.4154685176003965
842	2023.0	8.0	2005.0	580.0	SP	3448500.0	165.0	744.0	4.509090909090909
846	2023.0	11.0	8536.0	158.0	SP	3450308.0	384.0	21160.0	55.104166666666664
850	2023.0	9.0	9018.0	741.0	SP	3448500.0	1.0	40.0	40.0
859	2023.0	3.0	8708.0	158.0	SP	3452205.0	4977.0	59538.0	11.962628089210368
864	2023.0	4.0	8475.0	158.0	SP	3425904.0	8.0	6138.0	767.25
865	2023.0	3.0	8536.0	239.0	SP	3450308.0	993.0	18671.0	18.802618328298088
868	2023.0	11.0	8708.0	586.0	SP	3456701.0	2611.0	46872.0	17.951742627345844
870	2023.0	6.0	8409.0	845.0	SP	3450308.0	530.0	6152.0	11.60754716981132
872	2023.0	3.0	3921.0	580.0	SP	3448500.0	20.0	744.0	37.2
874	2023.0	5.0	4802.0	383.0	SP	3430706.0	142562.0	136076.0	0.954504005274898
875	2023.0	9.0	7009.0	493.0	SP	3420509.0	13262.0	88715.0	6.689413361483939
877	2023.0	5.0	7007.0	169.0	SP	3452403.0	143.0	8837.0	61.7972027972028
878	2023.0	5.0	7326.0	493.0	SP	3452205.0	1443.0	9831.0	6.8128898128898125
879	2023.0	4.0	8302.0	845.0	SP	3409502.0	3.0	76.0	25.333333333333332
884	2023.0	12.0	2003.0	361.0	SP	3448500.0	2.0	15.0	7.5
887	2023.0	2.0	8505.0	589.0	SP	3456701.0	5.0	925.0	185.0
891	2023.0	3.0	3926.0	399.0	SP	3452502.0	14.0	427.0	30.5
892	2023.0	3.0	8431.0	493.0	SP	3420509.0	1024.0	5309.0	5.1845703125
893	2023.0	10.0	1005.0	161.0	SP	3413504.0	5391120.0	1300176.0	0.24116992387481637
896	2023.0	10.0	1905.0	647.0	SP	3418800.0	30442.0	100157.0	3.290092635175087
897	2023.0	5.0	8536.0	850.0	SP	3450308.0	182.0	8988.0	49.38461538461539
898	2023.0	5.0	3904.0	97.0	SP	3418800.0	78749.0	107878.0	1.3698967605937853
899	2023.0	10.0	8802.0	149.0	SP	3449904.0	101058.0	91919282.0	909.5695739080528
900	2023.0	5.0	8512.0	756.0	SP	3456701.0	28.0	778.0	27.785714285714285
901	2023.0	9.0	8202.0	63.0	SP	3413801.0	6975.0	172184.0	24.685878136200717
903	2023.0	6.0	9032.0	442.0	SP	3413108.0	31.0	10193.0	328.80645161290323
905	2023.0	4.0	6104.0	628.0	SP	3450308.0	18.0	2968.0	164.88888888888889
908	2023.0	12.0	8544.0	586.0	SP	3452403.0	11.0	3121.0	283.72727272727275
910	2023.0	9.0	8483.0	63.0	SP	3422604.0	6983.0	128561.0	18.41056852355721
911	2023.0	5.0	8512.0	169.0	SP	3447809.0	135.0	2159.0	15.992592592592592
912	2023.0	11.0	8409.0	741.0	SP	3438709.0	12.0	838.0	69.83333333333333
914	2023.0	6.0	2102.0	573.0	SP	3441703.0	6800.0	9199.0	1.3527941176470588
915	2023.0	9.0	7318.0	63.0	SP	3452205.0	4903.0	65085.0	13.274525800530288
916	2023.0	8.0	8483.0	845.0	SP	3403208.0	67.0	2254.0	33.64179104477612
917	2023.0	11.0	2914.0	586.0	SP	3436505.0	26500.0	24901.0	0.9396603773584906
919	2023.0	8.0	8413.0	586.0	SP	3451702.0	7750.0	250304.0	32.29729032258064
920	2023.0	10.0	8708.0	158.0	SP	3440606.0	598.0	12187.0	20.379598662207357
922	2023.0	3.0	3919.0	476.0	SP	3448500.0	2.0	225.0	112.5
923	2023.0	3.0	8517.0	249.0	SP	3449904.0	7736.0	663672.0	85.79007238883143
924	2023.0	2.0	3004.0	741.0	SP	3448500.0	17.0	2036.0	119.76470588235294
925	2023.0	10.0	402.0	476.0	SP	3448500.0	795.0	2286.0	2.8754716981132074
926	2023.0	8.0	4009.0	845.0	SP	3452205.0	40.0	1531.0	38.275
927	2023.0	12.0	709.0	63.0	SP	3450308.0	2425.0	7011.0	2.8911340206185567
933	2023.0	8.0	8473.0	603.0	SP	3419071.0	80.0	6338.0	79.225
934	2023.0	8.0	3006.0	153.0	SP	3413108.0	3.0	849.0	283.0
935	2023.0	2.0	2204.0	160.0	SP	3448500.0	86.0	888.0	10.325581395348838
936	2023.0	5.0	7318.0	158.0	SP	3456206.0	56.0	3379.0	60.339285714285715
937	2023.0	2.0	4818.0	628.0	SP	3448500.0	41.0	84.0	2.048780487804878
938	2023.0	10.0	403.0	386.0	SP	3448500.0	62.0	131.0	2.1129032258064515
939	2023.0	4.0	7007.0	249.0	SP	3409502.0	1483.0	11101.0	7.485502360080917
941	2023.0	6.0	8409.0	63.0	SP	3429401.0	571.0	22438.0	39.29597197898424
943	2023.0	12.0	4802.0	239.0	SP	3426902.0	506222.0	368170.0	0.727289608116597
949	2023.0	8.0	8414.0	249.0	SP	3405708.0	97094.0	1595381.0	16.431303685088675
950	2023.0	11.0	2202.0	341.0	SP	3425904.0	28846.0	48515.0	1.6818623032656175
973	2023.0	6.0	9026.0	249.0	SP	3452205.0	41.0	24482.0	597.1219512195122
976	2023.0	11.0	1701.0	488.0	SP	3449409.0	780000.0	477048.0	0.6116
977	2023.0	2.0	8511.0	239.0	SP	3452403.0	14.0	969.0	69.21428571428571
983	2023.0	6.0	9032.0	158.0	SP	3456701.0	185.0	81348.0	439.7189189189189
985	2023.0	7.0	3102.0	493.0	SP	3439301.0	7800.0	10422.0	1.3361538461538462
986	2023.0	9.0	9401.0	97.0	SP	3418800.0	2559.0	16778.0	6.556467370066432
988	2023.0	11.0	803.0	434.0	SP	3448500.0	1683.0	2055.0	1.2210338680926915
990	2023.0	5.0	1901.0	163.0	SP	3448500.0	11.0	33.0	3.0
993	2023.0	9.0	8481.0	361.0	SP	3452205.0	223.0	12237.0	54.874439461883405
994	2023.0	11.0	7315.0	158.0	SP	3420509.0	84.0	1229.0	14.630952380952381
998	2023.0	5.0	8807.0	741.0	SP	3449904.0	2.0	2149.0	1074.5
1002	2023.0	7.0	4908.0	586.0	SP	3452205.0	1.0	52.0	52.0
1006	2023.0	8.0	8481.0	244.0	SP	3409502.0	1.0	428.0	428.0
1008	2023.0	12.0	3004.0	589.0	SP	3418800.0	1214.0	106040.0	87.34761120263592
1009	2023.0	5.0	8483.0	589.0	SP	3438709.0	683.0	25602.0	37.48462664714495
1010	2023.0	1.0	2001.0	163.0	SP	3448500.0	23.0	148.0	6.434782608695652
1011	2023.0	3.0	3305.0	275.0	SP	3450308.0	4694.0	114131.0	24.314230933106092
1012	2023.0	9.0	6404.0	845.0	SP	3416200.0	43.0	1200.0	27.906976744186046
1013	2023.0	11.0	8421.0	589.0	SP	3456701.0	9558.0	348781.0	36.49100230173676
1015	2023.0	9.0	8421.0	158.0	SP	3452403.0	8353.0	80541.0	9.642164491799354
1018	2023.0	8.0	8409.0	158.0	SP	3409502.0	2100.0	137058.0	65.26571428571428
1022	2023.0	1.0	1701.0	628.0	SP	3448500.0	10.0	8.0	0.8
1027	2023.0	3.0	2104.0	434.0	SP	3448500.0	130.0	736.0	5.661538461538462
1028	2023.0	10.0	3920.0	580.0	SP	3448500.0	53.0	1077.0	20.32075471698113
1029	2023.0	6.0	8543.0	239.0	SP	3427306.0	6.0	1855.0	309.1666666666667
1030	2023.0	9.0	7318.0	63.0	SP	3418800.0	27818.0	99514.0	3.577324034797613
1033	2023.0	6.0	8424.0	97.0	SP	3440002.0	110988.0	1846938.0	16.64088009514542
1035	2023.0	3.0	8708.0	63.0	SP	3425904.0	108202.0	1236892.0	11.431322896064767
1036	2023.0	1.0	7607.0	158.0	SP	3448906.0	1.0	369.0	369.0
1037	2023.0	2.0	8421.0	493.0	SP	3409502.0	895.0	23665.0	26.441340782122904
1038	2023.0	1.0	4409.0	249.0	SP	3454508.0	44200.0	270456.0	6.118914027149321
1039	2023.0	12.0	8708.0	158.0	SP	3409502.0	26753.0	474614.0	17.74058984039173
1040	2023.0	11.0	8536.0	493.0	SP	3443402.0	334.0	77008.0	230.562874251497
1041	2023.0	11.0	8708.0	586.0	SP	3452205.0	14892.0	304165.0	20.424724684394306
1042	2023.0	7.0	2836.0	845.0	SP	3423107.0	50.0	4980.0	99.6
1045	2023.0	8.0	8458.0	63.0	SP	3445803.0	10878.0	186027.0	17.101213458356316
1046	2023.0	9.0	3923.0	63.0	SP	3408504.0	6709.0	27654.0	4.121925771351916
1048	2023.0	2.0	2835.0	586.0	SP	3420509.0	500.0	3922.0	7.844
1049	2023.0	1.0	401.0	80.0	SP	3448500.0	154.0	260.0	1.6883116883116882
1050	2023.0	11.0	7312.0	158.0	SP	3440002.0	24.0	626.0	26.083333333333332
1052	2023.0	10.0	2003.0	190.0	SP	3448500.0	4.0	104.0	26.0
1055	2023.0	1.0	808.0	476.0	SP	3448500.0	1493.0	3615.0	2.421299397186872
1057	2023.0	7.0	8482.0	200.0	SP	3456701.0	8.0	1876.0	234.5
1058	2023.0	8.0	8536.0	169.0	SP	3456701.0	446.0	9494.0	21.286995515695068
1059	2023.0	12.0	3302.0	63.0	SP	3450308.0	2337.0	42524.0	18.195977749251178
1060	2023.0	9.0	8483.0	97.0	SP	3452205.0	640.0	17012.0	26.58125
1061	2023.0	4.0	8474.0	69.0	SP	3418800.0	8240.0	156632.0	19.00873786407767
1062	2023.0	12.0	8708.0	23.0	SP	3409502.0	15222.0	493997.0	32.452831428196035
1065	2023.0	1.0	9608.0	845.0	SP	3425904.0	10.0	13.0	1.3
1071	2023.0	5.0	3917.0	267.0	SP	3448500.0	2.0	315.0	157.5
1073	2023.0	5.0	901.0	538.0	SP	3448500.0	20.0	244.0	12.2
1075	2023.0	7.0	1905.0	586.0	SP	3427306.0	20524.0	55542.0	2.7061976222958486
1076	2023.0	2.0	5502.0	81.0	SP	3447809.0	91783.0	522451.0	5.692241482627502
1077	2023.0	10.0	8432.0	345.0	SP	3426803.0	1141.0	37795.0	33.12445223488168
1079	2023.0	11.0	3926.0	239.0	SP	3452403.0	6.0	480.0	80.0
1083	2023.0	3.0	6108.0	607.0	SP	3403208.0	51.0	2729.0	53.509803921568626
1085	2023.0	9.0	8507.0	607.0	SP	3416853.0	26.0	11800.0	453.84615384615387
1086	2023.0	4.0	3403.0	87.0	SP	3418800.0	96.0	1661.0	17.302083333333332
1088	2023.0	5.0	3402.0	586.0	SP	3448708.0	30282.0	13894.0	0.45882042137243245
1089	2023.0	8.0	6403.0	97.0	SP	3416200.0	1562.0	74194.0	47.499359795134446
1090	2023.0	4.0	1302.0	63.0	SP	3452205.0	35.0	3140.0	89.71428571428571
1092	2023.0	5.0	3402.0	741.0	SP	3448500.0	880.0	2409.0	2.7375
1094	2023.0	1.0	9032.0	239.0	SP	3450308.0	5.0	987.0	197.4
1096	2023.0	1.0	8505.0	169.0	SP	3443303.0	552.0	16128.0	29.217391304347824
1097	2023.0	3.0	9031.0	169.0	SP	3438709.0	2.0	203.0	101.5
1101	2023.0	1.0	8482.0	97.0	SP	3452205.0	98.0	5190.0	52.95918367346939
1102	2023.0	4.0	709.0	580.0	SP	3448500.0	5641.0	9468.0	1.6784258110264139
1107	2023.0	7.0	2915.0	63.0	SP	3413009.0	5855.0	48589.0	8.29871904355252
1108	2023.0	9.0	8432.0	249.0	SP	3452205.0	882.0	21152.0	23.98185941043084
1109	2023.0	12.0	714.0	149.0	SP	3441059.0	422.0	1573.0	3.727488151658768
1110	2023.0	4.0	9020.0	249.0	SP	3449904.0	10.0	31759.0	3175.9
1112	2023.0	4.0	407.0	163.0	SP	3448500.0	679.0	2337.0	3.4418262150220915
1115	2023.0	7.0	8708.0	239.0	SP	3423107.0	511.0	7899.0	15.457925636007827
1116	2023.0	6.0	2836.0	301.0	SP	3448500.0	1.0	2.0	2.0
1121	2023.0	10.0	4911.0	158.0	SP	3418800.0	319.0	50.0	0.15673981191222572
1123	2023.0	7.0	1806.0	351.0	SP	3448500.0	194.0	1951.0	10.056701030927835
1131	2023.0	3.0	8708.0	97.0	SP	3447809.0	6815.0	59477.0	8.727366104181952
1132	2023.0	2.0	7009.0	196.0	SP	3440606.0	4.0	430.0	107.5
1133	2023.0	5.0	2009.0	301.0	SP	3448500.0	349.0	680.0	1.9484240687679084
1138	2023.0	2.0	6804.0	586.0	SP	3451702.0	86.0	5266.0	61.23255813953488
1140	2023.0	12.0	203.0	538.0	SP	3448500.0	1096.0	4266.0	3.8923357664233578
1142	2023.0	9.0	9021.0	573.0	SP	3450308.0	1.0	1692.0	1692.0
1143	2023.0	12.0	3923.0	586.0	SP	3413009.0	9033.0	57236.0	6.336322373519318
1144	2023.0	5.0	8512.0	63.0	SP	3456701.0	6222.0	274916.0	44.18450658952106
1147	2023.0	5.0	3902.0	158.0	SP	3436505.0	398750.0	506404.0	1.26997868338558
1149	2023.0	5.0	3301.0	361.0	SP	3422703.0	19000.0	86050.0	4.528947368421052
1150	2023.0	1.0	7326.0	845.0	SP	3413801.0	12.0	40.0	3.3333333333333335
1151	2023.0	3.0	7616.0	586.0	SP	3443303.0	170.0	1633.0	9.605882352941176
1155	2023.0	11.0	2008.0	476.0	SP	3448500.0	696.0	3934.0	5.652298850574713
1156	2023.0	5.0	6403.0	97.0	SP	3406508.0	417.0	17799.0	42.68345323741007
1159	2023.0	9.0	705.0	476.0	SP	3448500.0	1049.0	2999.0	2.858913250714967
1160	2023.0	8.0	2203.0	741.0	SP	3448500.0	306.0	725.0	2.369281045751634
1164	2023.0	4.0	8708.0	586.0	SP	3440002.0	1503.0	14655.0	9.750499001996008
1166	2023.0	7.0	703.0	476.0	SP	3448500.0	4988.0	9395.0	1.8835204490777866
1167	2023.0	2.0	3926.0	63.0	SP	3456701.0	1516.0	99602.0	65.7005277044855
1172	2023.0	10.0	8482.0	249.0	SP	3409205.0	2075.0	41091.0	19.80289156626506
1174	2023.0	12.0	8452.0	403.0	SP	3420509.0	108.0	7527.0	69.69444444444444
1175	2023.0	4.0	6804.0	351.0	SP	3448500.0	50.0	172.0	3.44
1176	2023.0	4.0	2526.0	249.0	SP	3404107.0	100.0	135.0	1.35
1178	2023.0	10.0	7318.0	647.0	SP	3456701.0	37.0	2382.0	64.37837837837837
1180	2023.0	3.0	4009.0	586.0	SP	3452205.0	85.0	3972.0	46.72941176470588
1182	2023.0	1.0	704.0	434.0	SP	3448500.0	2060.0	3598.0	1.7466019417475729
1186	2023.0	5.0	803.0	776.0	SP	3450704.0	277.0	290.0	1.0469314079422383
1187	2023.0	8.0	3504.0	249.0	SP	3416200.0	52500.0	459764.0	8.757409523809525
1188	2023.0	7.0	4009.0	850.0	SP	3452403.0	13.0	1413.0	108.6923076923077
1192	2023.0	11.0	2101.0	623.0	SP	3412407.0	5808.0	54837.0	9.44163223140496
1193	2023.0	10.0	9021.0	580.0	SP	3413108.0	5.0	1293.0	258.6
1196	2023.0	12.0	8501.0	275.0	SP	3404107.0	17.0	64869.0	3815.823529411765
1197	2023.0	11.0	3004.0	158.0	SP	3413009.0	4896.0	217519.0	44.427900326797385
1198	2023.0	3.0	8483.0	580.0	SP	3452205.0	62.0	2023.0	32.62903225806452
1199	2023.0	2.0	8421.0	249.0	SP	3425904.0	1390.0	23401.0	16.835251798561153
1200	2023.0	3.0	510.0	351.0	SP	3442404.0	77.0	5106281.0	66315.33766233767
1202	2023.0	9.0	303.0	351.0	SP	3448500.0	861.0	4031.0	4.681765389082463
1204	2023.0	10.0	8487.0	845.0	SP	3452205.0	6.0	545.0	90.83333333333333
1206	2023.0	6.0	8429.0	357.0	SP	3438709.0	37525.0	382849.0	10.202504996668887
1208	2023.0	8.0	6307.0	589.0	SP	3452403.0	7.0	299.0	42.714285714285715
1210	2023.0	2.0	807.0	83.0	SP	3448500.0	79.0	104.0	1.3164556962025316
1212	2023.0	6.0	401.0	434.0	SP	3448500.0	6155.0	9381.0	1.5241267262388303
1214	2023.0	6.0	2905.0	361.0	SP	3436505.0	15440.0	23334.0	1.5112694300518135
1217	2023.0	2.0	2009.0	493.0	SP	3426902.0	800.0	4408.0	5.51
1222	2023.0	4.0	7007.0	589.0	SP	3456701.0	1280.0	8316.0	6.496875
1223	2023.0	10.0	3209.0	586.0	SP	3429302.0	1088.0	1057.0	0.9715073529411765
1225	2023.0	8.0	8708.0	580.0	SP	3425904.0	259.0	10330.0	39.884169884169886
1226	2023.0	10.0	4818.0	476.0	SP	3448500.0	650.0	2250.0	3.4615384615384617
1229	2023.0	9.0	8708.0	275.0	SP	3420509.0	26626.0	494347.0	18.566326147374745
1230	2023.0	10.0	7318.0	345.0	SP	3426803.0	1.0	43.0	43.0
1234	2023.0	2.0	304.0	476.0	SP	3448500.0	331.0	2090.0	6.314199395770393
1235	2023.0	5.0	1006.0	741.0	SP	3448500.0	8244.0	9260.0	1.1232411450752062
1236	2023.0	10.0	3917.0	97.0	SP	3450308.0	910.0	12885.0	14.159340659340659
1240	2023.0	3.0	8527.0	63.0	SP	3456701.0	5.0	3454.0	690.8
1246	2023.0	11.0	3925.0	589.0	SP	3430805.0	2330.0	6717.0	2.882832618025751
1247	2023.0	8.0	4802.0	345.0	SP	3452502.0	130367.0	115137.0	0.8831759571057093
1248	2023.0	5.0	2715.0	845.0	SP	3413801.0	281.0	508.0	1.8078291814946619
1251	2023.0	2.0	1901.0	87.0	SP	3405708.0	2487.0	7507.0	3.0184961801367107
1254	2023.0	12.0	2828.0	741.0	SP	3448500.0	102.0	56.0	0.5490196078431373
1257	2023.0	8.0	7415.0	40.0	SP	3403307.0	24.0	73.0	3.0416666666666665
1258	2023.0	5.0	6005.0	63.0	SP	3452205.0	5911.0	87634.0	14.82557942818474
1259	2023.0	10.0	3824.0	97.0	SP	3427207.0	1271.0	1818.0	1.4303697875688435
1261	2023.0	4.0	3506.0	476.0	SP	3448500.0	107.0	1673.0	15.63551401869159
1264	2023.0	5.0	9603.0	434.0	SP	3448500.0	545.0	6555.0	12.027522935779816
1266	2023.0	11.0	8539.0	199.0	SP	3448807.0	4.0	755.0	188.75
1268	2023.0	6.0	706.0	741.0	SP	3448500.0	794.0	1213.0	1.5277078085642317
1273	2023.0	12.0	8708.0	158.0	SP	3448708.0	16707.0	195127.0	11.679355958580237
1279	2023.0	12.0	7326.0	317.0	SP	3409502.0	2.0	115.0	57.5
1281	2023.0	12.0	8412.0	169.0	SP	3456701.0	312.0	11209.0	35.92628205128205
1282	2023.0	11.0	1701.0	764.0	SP	3451702.0	24750.0	16335.0	0.66
1284	2023.0	9.0	4818.0	741.0	SP	3448500.0	109.0	861.0	7.89908256880734
1290	2023.0	2.0	4817.0	476.0	SP	3448500.0	100.0	175.0	1.75
1291	2023.0	8.0	8204.0	97.0	SP	3452205.0	916.0	9264.0	10.11353711790393
1293	2023.0	6.0	408.0	386.0	SP	3448500.0	369.0	1024.0	2.7750677506775068
1294	2023.0	9.0	7202.0	573.0	SP	3445159.0	800000.0	1652436.0	2.065545
1295	2023.0	1.0	4009.0	158.0	SP	3452205.0	19.0	812.0	42.73684210526316
1297	2023.0	7.0	8409.0	97.0	SP	3426902.0	13488.0	239821.0	17.78032325029656
1299	2023.0	4.0	8483.0	845.0	SP	3440606.0	296.0	2082.0	7.033783783783784
1300	2023.0	4.0	902.0	232.0	SP	3448500.0	1.0	82.0	82.0
1301	2023.0	11.0	3920.0	275.0	SP	3418800.0	37.0	222.0	6.0
1303	2023.0	9.0	9403.0	249.0	SP	3456206.0	832.0	75617.0	90.8858173076923
1305	2023.0	9.0	9026.0	63.0	SP	3430607.0	4.0	246.0	61.5
1307	2023.0	7.0	3507.0	493.0	SP	3456206.0	400.0	1600.0	4.0
1308	2023.0	1.0	8483.0	63.0	SP	3409502.0	17072.0	412976.0	24.19025304592315
1311	2023.0	4.0	4016.0	337.0	SP	3452205.0	9.0	1161.0	129.0
1315	2023.0	3.0	4002.0	23.0	SP	3409502.0	10080.0	44554.0	4.420039682539683
1316	2023.0	5.0	3901.0	63.0	SP	3418800.0	729800.0	1125879.0	1.5427226637434914
1317	2023.0	12.0	9401.0	158.0	SP	3418800.0	101.0	482.0	4.772277227722772
1324	2023.0	9.0	808.0	351.0	SP	3448500.0	989.0	1970.0	1.9919110212335693
1326	2023.0	3.0	8544.0	249.0	SP	3449904.0	402.0	266259.0	662.3358208955224
1328	2023.0	8.0	1005.0	476.0	SP	3448500.0	134.0	166.0	1.2388059701492538
1329	2023.0	11.0	6912.0	493.0	SP	3424303.0	50.0	491.0	9.82
1333	2023.0	10.0	8301.0	586.0	SP	3413801.0	791.0	21855.0	27.629582806573957
1337	2023.0	5.0	8421.0	845.0	SP	3445209.0	4106.0	30850.0	7.513395031660984
1340	2023.0	8.0	8414.0	97.0	SP	3452205.0	47.0	1643.0	34.95744680851064
1341	2023.0	12.0	8481.0	845.0	SP	3450308.0	4263.0	39400.0	9.242317616701854
1344	2023.0	5.0	3919.0	239.0	SP	3452205.0	2.0	98.0	49.0
1345	2023.0	10.0	8536.0	158.0	SP	3450308.0	760.0	49798.0	65.52368421052631
1347	2023.0	2.0	1201.0	160.0	SP	3448500.0	110852242.0	61780358.0	0.5573216823165381
1348	2023.0	1.0	710.0	137.0	SP	3448500.0	18.0	54.0	3.0
1349	2023.0	5.0	8708.0	158.0	SP	3413801.0	2.0	55.0	27.5
1351	2023.0	10.0	8417.0	249.0	SP	3427207.0	915.0	38689.0	42.283060109289615
1355	2023.0	9.0	5911.0	847.0	SP	3415004.0	145.0	3000.0	20.689655172413794
1356	2023.0	9.0	1513.0	845.0	SP	3426902.0	7424.0	11878.0	1.5999461206896552
1358	2023.0	1.0	4811.0	249.0	SP	3423909.0	19.0	200.0	10.526315789473685
1360	2023.0	11.0	6104.0	69.0	SP	3457105.0	23.0	2258.0	98.17391304347827
1361	2023.0	1.0	3817.0	493.0	SP	3428403.0	15300.0	52785.0	3.45
1363	2023.0	4.0	2201.0	386.0	SP	3448500.0	13375.0	4457.0	0.3332336448598131
1364	2023.0	11.0	1201.0	160.0	SP	3418701.0	41843475.0	22817247.0	0.5453000019716335
1365	2023.0	6.0	4823.0	163.0	SP	3448500.0	17.0	97.0	5.705882352941177
1366	2023.0	3.0	7318.0	23.0	SP	3456701.0	670.0	25881.0	38.62835820895523
1369	2023.0	10.0	9603.0	249.0	SP	3409205.0	4.0	143.0	35.75
1370	2023.0	12.0	8207.0	232.0	SP	3448500.0	30.0	262.0	8.733333333333333
1372	2023.0	11.0	1905.0	580.0	SP	3448500.0	2929.0	6522.0	2.2266985319221577
1373	2023.0	6.0	207.0	628.0	SP	3413504.0	75240.0	255009.0	3.389274322169059
1377	2023.0	2.0	6201.0	573.0	SP	3447809.0	22.0	486.0	22.09090909090909
1380	2023.0	12.0	9003.0	493.0	SP	3425904.0	2010.0	131043.0	65.1955223880597
1381	2023.0	11.0	8405.0	63.0	SP	3450308.0	8.0	3691.0	461.375
1383	2023.0	5.0	4016.0	69.0	SP	3450308.0	268.0	3316.0	12.373134328358208
1384	2023.0	5.0	4011.0	586.0	SP	3401608.0	36601.0	153043.0	4.18138848665337
1386	2023.0	5.0	307.0	741.0	SP	3448500.0	243.0	2258.0	9.292181069958847
1390	2023.0	10.0	8708.0	756.0	SP	3452205.0	10256.0	85916.0	8.377145085803432
1392	2023.0	7.0	6204.0	53.0	SP	3450308.0	1.0	1103.0	1103.0
1396	2023.0	5.0	8483.0	589.0	SP	3418800.0	152.0	6811.0	44.80921052631579
1398	2023.0	11.0	8708.0	345.0	SP	3449409.0	518.0	8494.0	16.397683397683398
1399	2023.0	3.0	8536.0	493.0	SP	3409502.0	282.0	18697.0	66.30141843971631
1401	2023.0	5.0	3815.0	249.0	SP	3440606.0	12000.0	51719.0	4.309916666666667
1402	2023.0	4.0	6108.0	607.0	SP	3450308.0	48.0	5462.0	113.79166666666667
1405	2023.0	6.0	8415.0	845.0	SP	3445803.0	106.0	1849.0	17.443396226415093
1407	2023.0	6.0	3404.0	63.0	SP	3409205.0	16260.0	40812.0	2.5099630996309963
1410	2023.0	11.0	8708.0	586.0	SP	3423107.0	7319.0	113144.0	15.458942478480667
1411	2023.0	6.0	9027.0	589.0	SP	3409205.0	1.0	223.0	223.0
1413	2023.0	8.0	8483.0	845.0	SP	3450308.0	2707.0	79041.0	29.198743997044698
1415	2023.0	12.0	8205.0	63.0	SP	3418800.0	45.0	153.0	3.4
1417	2023.0	7.0	810.0	476.0	SP	3448500.0	380.0	1526.0	4.015789473684211
1418	2023.0	2.0	1701.0	59.0	SP	3450308.0	37104200.0	12085557.0	0.32571937947725593
1423	2023.0	6.0	8204.0	845.0	SP	3450308.0	20.0	691.0	34.55
1424	2023.0	7.0	8536.0	196.0	SP	3452205.0	7.0	1068.0	152.57142857142858
1426	2023.0	4.0	8708.0	845.0	SP	3409502.0	4436.0	39284.0	8.855725879170423
1427	2023.0	1.0	707.0	240.0	SP	3448500.0	15.0	14.0	0.9333333333333333
1428	2023.0	8.0	2203.0	586.0	SP	3450308.0	19377.0	22959.0	1.1848583372039014
1431	2023.0	6.0	401.0	741.0	SP	3448500.0	3094.0	4871.0	1.5743374272786037
1436	2023.0	8.0	1517.0	160.0	SP	3448500.0	6.0	14.0	2.3333333333333335
1437	2023.0	3.0	8536.0	63.0	SP	3409502.0	1084.0	221328.0	204.1771217712177
1438	2023.0	3.0	307.0	434.0	SP	3448500.0	219.0	1852.0	8.45662100456621
1439	2023.0	5.0	8452.0	317.0	SP	3416200.0	41.0	14116.0	344.2926829268293
1442	2023.0	7.0	7305.0	249.0	SP	3438006.0	59435.0	306362.0	5.154572221754858
1447	2023.0	6.0	8539.0	63.0	SP	3420509.0	2.0	7.0	3.5
1448	2023.0	2.0	702.0	476.0	SP	3448500.0	1344.0	2415.0	1.796875
1449	2023.0	9.0	9209.0	23.0	SP	3428502.0	89.0	13433.0	150.93258426966293
1450	2023.0	6.0	3902.0	196.0	SP	3450308.0	25.0	152.0	6.08
1455	2023.0	7.0	4010.0	63.0	SP	3452205.0	2874.0	97245.0	33.83611691022965
1456	2023.0	8.0	3208.0	97.0	SP	3429401.0	32697.0	159787.0	4.88690093892406
1458	2023.0	7.0	7318.0	345.0	SP	3422604.0	94.0	2569.0	27.329787234042552
1460	2023.0	6.0	8433.0	63.0	SP	3409502.0	10438.0	162436.0	15.561985054608163
1461	2023.0	9.0	8483.0	845.0	SP	3452205.0	887.0	21567.0	24.314543404735062
1462	2023.0	1.0	8512.0	97.0	SP	3409502.0	92.0	2600.0	28.26086956521739
1463	2023.0	6.0	3907.0	77.0	SP	3448500.0	2.0	207.0	103.5
1464	2023.0	8.0	8483.0	589.0	SP	3452205.0	1252.0	18680.0	14.920127795527156
1466	2023.0	2.0	9026.0	63.0	SP	3428502.0	3.0	23.0	7.666666666666667
1467	2023.0	7.0	8544.0	647.0	SP	3406003.0	2.0	271.0	135.5
1468	2023.0	7.0	1517.0	580.0	SP	3448500.0	245.0	487.0	1.9877551020408164
1470	2023.0	6.0	303.0	476.0	SP	3448500.0	3429.0	14143.0	4.1245261009040535
1473	2023.0	7.0	7202.0	245.0	SP	3422406.0	269580.0	298000.0	1.1054232509830106
1476	2023.0	1.0	206.0	735.0	SP	3441604.0	54327.0	53674.0	0.9879801940103448
1478	2023.0	11.0	3305.0	249.0	SP	3418800.0	15484.0	57036.0	3.6835443037974684
1479	2023.0	1.0	4821.0	827.0	SP	3409205.0	2.0	1.0	0.5
1481	2023.0	8.0	801.0	476.0	SP	3448500.0	244.0	1037.0	4.25
1483	2023.0	8.0	8708.0	200.0	SP	3409205.0	1285.0	34089.0	26.528404669260702
1484	2023.0	3.0	1104.0	434.0	SP	3448500.0	82.0	261.0	3.182926829268293
1485	2023.0	6.0	7326.0	361.0	SP	3452205.0	908.0	10193.0	11.225770925110131
1486	2023.0	2.0	2106.0	399.0	SP	3450308.0	7.0	2041.0	291.57142857142856
1487	2023.0	11.0	9029.0	275.0	SP	3452205.0	11.0	873.0	79.36363636363636
1490	2023.0	1.0	4802.0	383.0	SP	3430706.0	214969.0	239268.0	1.113034902706902
1491	2023.0	8.0	8421.0	63.0	SP	3425904.0	7127.0	194611.0	27.30615967447734
1493	2023.0	3.0	7907.0	196.0	SP	3423107.0	307.0	3600.0	11.726384364820847
1497	2023.0	1.0	3301.0	249.0	SP	3412001.0	420600.0	2595411.0	6.170734664764622
1502	2023.0	7.0	207.0	467.0	SP	3448500.0	2934.0	6844.0	2.332651670074983
1504	2023.0	1.0	8503.0	249.0	SP	3448708.0	2.0	1837.0	918.5
1508	2023.0	10.0	4009.0	239.0	SP	3456701.0	64.0	9567.0	149.484375
1510	2023.0	10.0	4009.0	145.0	SP	3438709.0	15.0	729.0	48.6
1511	2023.0	5.0	6104.0	351.0	SP	3450308.0	2.0	520.0	260.0
1512	2023.0	10.0	8516.0	815.0	SP	3430607.0	4081.0	63367.0	15.527321734868904
1517	2023.0	10.0	3214.0	589.0	SP	3409205.0	3201.0	10674.0	3.3345829428303655
1518	2023.0	10.0	8538.0	820.0	SP	3424907.0	1638.0	56999.0	34.7979242979243
1520	2023.0	1.0	2103.0	137.0	SP	3448500.0	63.0	640.0	10.158730158730158
1523	2023.0	12.0	8423.0	647.0	SP	3443402.0	1.0	910.0	910.0
1524	2023.0	1.0	8484.0	196.0	SP	3425904.0	22.0	1318.0	59.90909090909091
1525	2023.0	8.0	8512.0	493.0	SP	3407506.0	505.0	35765.0	70.82178217821782
1527	2023.0	3.0	6204.0	244.0	SP	3413009.0	15.0	5550.0	370.0
1528	2023.0	10.0	9032.0	63.0	SP	3452205.0	31.0	70949.0	2288.6774193548385
1529	2023.0	6.0	2904.0	589.0	SP	3426407.0	1000.0	2050.0	2.05
1534	2023.0	2.0	7325.0	87.0	SP	3402804.0	40.0	4001.0	100.025
1537	2023.0	3.0	9603.0	163.0	SP	3448500.0	99.0	549.0	5.545454545454546
1540	2023.0	2.0	8706.0	63.0	SP	3448708.0	575705.0	6039040.0	10.489816833273986
1542	2023.0	12.0	9026.0	239.0	SP	3443402.0	55.0	342.0	6.218181818181818
1543	2023.0	7.0	2309.0	845.0	SP	3456701.0	500.0	12790.0	25.58
1547	2023.0	8.0	7315.0	63.0	SP	3409502.0	8100.0	108401.0	13.38283950617284
1548	2023.0	3.0	3919.0	493.0	SP	3410401.0	105.0	759.0	7.228571428571429
1551	2023.0	8.0	3919.0	63.0	SP	3443402.0	1788.0	11997.0	6.709731543624161
1552	2023.0	6.0	8708.0	249.0	SP	3450308.0	925.0	79286.0	85.7145945945946
1553	2023.0	6.0	8481.0	845.0	SP	3452205.0	54.0	4233.0	78.38888888888889
1559	2023.0	10.0	8412.0	63.0	SP	3423404.0	1.0	2176.0	2176.0
1560	2023.0	10.0	5402.0	676.0	SP	3450308.0	105.0	55394.0	527.5619047619048
1563	2023.0	3.0	3208.0	586.0	SP	3413801.0	360.0	2999.0	8.330555555555556
1566	2023.0	12.0	8516.0	169.0	SP	3430607.0	3950.0	46089.0	11.668101265822784
1570	2023.0	12.0	8409.0	63.0	SP	3425904.0	3665.0	94927.0	25.900954979536152
1571	2023.0	10.0	804.0	580.0	SP	3448500.0	1016.0	1452.0	1.4291338582677164
1580	2023.0	4.0	510.0	63.0	SP	3448500.0	23002.0	12856.0	0.5589079210503435
1581	2023.0	2.0	7616.0	249.0	SP	3425904.0	4.0	17111.0	4277.75
1582	2023.0	11.0	9403.0	63.0	SP	3425003.0	3480.0	13241.0	3.8048850574712643
1583	2023.0	4.0	8477.0	493.0	SP	3450308.0	902.0	30750.0	34.09090909090909
1586	2023.0	10.0	8537.0	23.0	SP	3450308.0	12.0	21418.0	1784.8333333333333
1588	2023.0	6.0	702.0	476.0	SP	3448500.0	2057.0	4356.0	2.1176470588235294
1592	2023.0	8.0	7318.0	756.0	SP	3452205.0	2618.0	23080.0	8.81588999236058
1593	2023.0	3.0	3812.0	589.0	SP	3401608.0	46700.0	193055.0	4.133940042826552
1594	2023.0	6.0	3004.0	87.0	SP	3409502.0	4938.0	103128.0	20.88456865127582
1599	2023.0	1.0	2309.0	628.0	SP	3427405.0	20000.0	34000.0	1.7
1603	2023.0	11.0	2103.0	160.0	SP	3448500.0	9.0	32.0	3.5555555555555554
1604	2023.0	2.0	4202.0	97.0	SP	3422208.0	5.0	210.0	42.0
1606	2023.0	8.0	7320.0	40.0	SP	3452205.0	175.0	2256.0	12.891428571428571
1609	2023.0	9.0	2844.0	573.0	SP	3450308.0	1131.0	19269.0	17.03713527851459
1610	2023.0	7.0	4016.0	493.0	SP	3452205.0	402.0	19634.0	48.840796019900495
1611	2023.0	8.0	8543.0	158.0	SP	3450308.0	18.0	1463.0	81.27777777777777
1613	2023.0	7.0	8544.0	764.0	SP	3409502.0	42.0	6935.0	165.11904761904762
1616	2023.0	5.0	3304.0	776.0	SP	3450704.0	7.0	207.0	29.571428571428573
1617	2023.0	12.0	2005.0	467.0	SP	3448500.0	73.0	575.0	7.876712328767123
1619	2023.0	10.0	6112.0	65.0	SP	3416200.0	3.0	356.0	118.66666666666667
1623	2023.0	12.0	8708.0	647.0	SP	3425904.0	105.0	8207.0	78.16190476190476
1627	2023.0	2.0	6114.0	607.0	SP	3434609.0	10.0	314.0	31.4
1628	2023.0	10.0	7318.0	239.0	SP	3405708.0	12.0	979.0	81.58333333333333
1631	2023.0	4.0	9026.0	239.0	SP	3456701.0	1.0	1738.0	1738.0
1636	2023.0	9.0	3926.0	63.0	SP	3418800.0	326.0	12500.0	38.34355828220859
1638	2023.0	2.0	804.0	351.0	SP	3456206.0	1342.0	2400.0	1.7883755588673622
1639	2023.0	11.0	3824.0	586.0	SP	3426704.0	784.0	1263.0	1.6109693877551021
1641	2023.0	6.0	8421.0	196.0	SP	3452205.0	116.0	3712.0	32.0
1644	2023.0	1.0	8518.0	53.0	SP	3409502.0	13.0	155.0	11.923076923076923
1650	2023.0	3.0	8536.0	169.0	SP	3450308.0	1075.0	37436.0	34.82418604651163
1651	2023.0	2.0	8708.0	63.0	SP	3409205.0	7336.0	62917.0	8.576472191930208
1657	2023.0	8.0	7318.0	160.0	SP	3445803.0	256.0	3585.0	14.00390625
1658	2023.0	12.0	6305.0	158.0	SP	3448906.0	4.0	46.0	11.5
1660	2023.0	10.0	3402.0	687.0	SP	3433403.0	8100.0	39601.0	4.889012345679013
1662	2023.0	10.0	7326.0	647.0	SP	3456701.0	8.0	291.0	36.375
1663	2023.0	2.0	8512.0	158.0	SP	3440606.0	164.0	11493.0	70.07926829268293
1665	2023.0	5.0	7326.0	589.0	SP	3452205.0	24.0	4591.0	191.29166666666666
1666	2023.0	9.0	3806.0	403.0	SP	3408009.0	25000.0	26332.0	1.05328
1671	2023.0	4.0	8413.0	196.0	SP	3425904.0	386.0	10359.0	26.83678756476684
1672	2023.0	4.0	3926.0	169.0	SP	3420509.0	67.0	4844.0	72.29850746268657
1673	2023.0	10.0	9032.0	63.0	SP	3430607.0	6.0	4040.0	673.3333333333334
1674	2023.0	6.0	4011.0	345.0	SP	3401608.0	20730.0	80058.0	3.8619392185238786
1677	2023.0	2.0	8421.0	249.0	SP	3440002.0	6.0	373.0	62.166666666666664
1678	2023.0	6.0	904.0	163.0	SP	3448500.0	6.0	25.0	4.166666666666667
1681	2023.0	3.0	8413.0	23.0	SP	3448708.0	773.0	22066.0	28.545924967658472
1682	2023.0	1.0	4016.0	607.0	SP	3413009.0	8.0	733.0	91.625
1686	2023.0	2.0	3921.0	97.0	SP	3454508.0	8055.0	17237.0	2.139913097454997
1695	2023.0	5.0	1006.0	467.0	SP	3448500.0	6330.0	3497.0	0.5524486571879936
1697	2023.0	10.0	7318.0	361.0	SP	3452205.0	3706.0	39539.0	10.66891527253103
1700	2023.0	4.0	802.0	351.0	SP	3448500.0	19.0	333.0	17.526315789473685
1701	2023.0	12.0	8483.0	309.0	SP	3452205.0	84.0	1506.0	17.928571428571427
1702	2023.0	1.0	710.0	580.0	SP	3448500.0	1403.0	3156.0	2.249465431218817
1703	2023.0	6.0	8431.0	249.0	SP	3409502.0	19909.0	321259.0	16.136370485709982
1705	2023.0	9.0	3505.0	434.0	SP	3448500.0	1.0	19.0	19.0
1707	2023.0	4.0	7616.0	239.0	SP	3425904.0	717.0	9521.0	13.278940027894002
1710	2023.0	7.0	3923.0	586.0	SP	3452205.0	2771.0	9907.0	3.5752435943702636
1711	2023.0	2.0	8438.0	245.0	SP	3454003.0	20900.0	21838.0	1.0448803827751196
1712	2023.0	3.0	7318.0	741.0	SP	3448500.0	60.0	2875.0	47.916666666666664
1713	2023.0	4.0	7403.0	160.0	SP	3450308.0	335485.0	2394457.0	7.137299730241293
1715	2023.0	10.0	6404.0	239.0	SP	3406508.0	9477.0	328956.0	34.710984488762264
1719	2023.0	10.0	7318.0	580.0	SP	3425904.0	16.0	617.0	38.5625
1720	2023.0	8.0	7415.0	239.0	SP	3413801.0	421.0	5947.0	14.125890736342043
1721	2023.0	8.0	8538.0	63.0	SP	3456701.0	12.0	1579.0	131.58333333333334
1722	2023.0	10.0	8421.0	493.0	SP	3426902.0	1595.0	14603.0	9.155485893416929
1723	2023.0	7.0	4819.0	845.0	SP	3443303.0	49.0	392.0	8.0
1724	2023.0	3.0	3926.0	169.0	SP	3452403.0	1927.0	33151.0	17.203425012973533
1725	2023.0	10.0	3907.0	63.0	SP	3409502.0	114190.0	389909.0	3.414563446886768
1727	2023.0	3.0	2002.0	449.0	SP	3448500.0	14.0	28.0	2.0
1728	2023.0	11.0	207.0	741.0	SP	3448500.0	3600.0	10237.0	2.843611111111111
1731	2023.0	7.0	8467.0	586.0	SP	3440002.0	2414.0	35675.0	14.778376139188069
1732	2023.0	3.0	3215.0	493.0	SP	3416200.0	70.0	374.0	5.3428571428571425
1733	2023.0	6.0	807.0	63.0	SP	3450308.0	47230.0	97873.0	2.07226339191192
1734	2023.0	7.0	3809.0	586.0	SP	3424006.0	23000.0	25730.0	1.118695652173913
1735	2023.0	4.0	3923.0	586.0	SP	3436505.0	23338.0	109454.0	4.689947724740766
1738	2023.0	4.0	807.0	607.0	SP	3448500.0	487.0	617.0	1.26694045174538
1740	2023.0	9.0	9026.0	493.0	SP	3420509.0	3.0	27.0	9.0
1741	2023.0	4.0	713.0	741.0	SP	3448500.0	143.0	689.0	4.818181818181818
1742	2023.0	11.0	8302.0	63.0	SP	3452205.0	315.0	5773.0	18.326984126984126
1743	2023.0	4.0	8716.0	850.0	SP	3450308.0	133.0	5468.0	41.11278195488722
1744	2023.0	4.0	4819.0	249.0	SP	3454805.0	42.0	978.0	23.285714285714285
1745	2023.0	4.0	3809.0	97.0	SP	3424402.0	1450.0	4340.0	2.9931034482758623
1750	2023.0	6.0	3004.0	548.0	SP	3436505.0	265.0	97809.0	369.09056603773587
1751	2023.0	1.0	4009.0	158.0	SP	3450308.0	273.0	8386.0	30.71794871794872
1755	2023.0	7.0	8301.0	169.0	SP	3416705.0	71.0	765.0	10.774647887323944
1756	2023.0	9.0	6305.0	845.0	SP	3418800.0	10525.0	34230.0	3.252256532066508
1761	2023.0	10.0	8708.0	431.0	SP	3450308.0	1190.0	22367.0	18.79579831932773
1762	2023.0	7.0	8413.0	586.0	SP	3448708.0	2613.0	53605.0	20.51473402219671
1764	2023.0	4.0	8708.0	63.0	SP	3424709.0	13643.0	77684.0	5.694055559627648
1767	2023.0	10.0	8483.0	169.0	SP	3418800.0	78.0	2676.0	34.30769230769231
1768	2023.0	6.0	7204.0	361.0	SP	3448807.0	1959790.0	863663.0	0.4406916047127498
1769	2023.0	10.0	4010.0	63.0	SP	3452205.0	1024.0	23770.0	23.212890625
1772	2023.0	2.0	6104.0	249.0	SP	3450308.0	1247.0	102261.0	82.00561347233361
1774	2023.0	7.0	8544.0	589.0	SP	3456701.0	449.0	22366.0	49.81291759465479
1775	2023.0	2.0	6907.0	845.0	SP	3426902.0	904096.0	136464.0	0.15093972321523377
1776	2023.0	1.0	8708.0	23.0	SP	3448708.0	77811.0	1035877.0	13.31273213298891
1781	2023.0	3.0	7318.0	169.0	SP	3423404.0	37.0	3.0	0.08108108108108109
1784	2023.0	5.0	9401.0	158.0	SP	3456701.0	133.0	6821.0	51.285714285714285
1785	2023.0	3.0	802.0	232.0	SP	3448500.0	17.0	124.0	7.294117647058823
1788	2023.0	10.0	7318.0	493.0	SP	3451702.0	6.0	459.0	76.5
1789	2023.0	11.0	6103.0	505.0	SP	3450308.0	317.0	9198.0	29.01577287066246
1791	2023.0	10.0	8408.0	249.0	SP	3418800.0	45041.0	824159.0	18.297972957971627
1792	2023.0	8.0	8421.0	249.0	SP	3452809.0	20.0	18563.0	928.15
1797	2023.0	8.0	4016.0	647.0	SP	3413009.0	185.0	3547.0	19.17297297297297
1799	2023.0	11.0	3924.0	741.0	SP	3448500.0	7.0	309.0	44.142857142857146
1802	2023.0	3.0	8421.0	40.0	SP	3403307.0	20.0	3858.0	192.9
1803	2023.0	7.0	8414.0	355.0	SP	3405708.0	7.0	1942.0	277.42857142857144
1804	2023.0	5.0	9021.0	97.0	SP	3406003.0	10.0	8884.0	888.4
1807	2023.0	11.0	1003.0	476.0	SP	3448500.0	1.0	4.0	4.0
1809	2023.0	5.0	8482.0	63.0	SP	3452205.0	6865.0	147490.0	21.4843408594319
1811	2023.0	7.0	8414.0	196.0	SP	3448708.0	3.0	96.0	32.0
1812	2023.0	11.0	7318.0	589.0	SP	3456701.0	1493.0	64059.0	42.906229068988615
1814	2023.0	6.0	3926.0	196.0	SP	3450308.0	48.0	3759.0	78.3125
1816	2023.0	7.0	1806.0	245.0	SP	3425904.0	536.0	4137.0	7.718283582089552
1818	2023.0	10.0	6112.0	158.0	SP	3413009.0	138.0	14647.0	106.1376811594203
1819	2023.0	2.0	2501.0	467.0	SP	3448500.0	45.0	22.0	0.4888888888888889
1823	2023.0	5.0	9026.0	63.0	SP	3450308.0	164.0	16768.0	102.2439024390244
1825	2023.0	1.0	8409.0	23.0	SP	3409403.0	131.0	729.0	5.564885496183206
1827	2023.0	5.0	3305.0	275.0	SP	3404008.0	249.0	2596.0	10.42570281124498
1828	2023.0	2.0	7318.0	40.0	SP	3451702.0	156.0	4375.0	28.044871794871796
1831	2023.0	3.0	5201.0	576.0	SP	3450308.0	275114.0	531299.0	1.931195795197627
1835	2023.0	6.0	3906.0	63.0	SP	3409205.0	360.0	34549.0	95.96944444444445
1837	2023.0	2.0	4016.0	476.0	SP	3448500.0	11.0	289.0	26.272727272727273
1838	2023.0	5.0	3908.0	63.0	SP	3450308.0	25.0	4275.0	171.0
1839	2023.0	5.0	8414.0	63.0	SP	3409205.0	983.0	16136.0	16.415055951169887
1841	2023.0	8.0	8511.0	63.0	SP	3425904.0	439.0	10745.0	24.47608200455581
1843	2023.0	5.0	7412.0	756.0	SP	3456701.0	19.0	1059.0	55.73684210526316
1846	2023.0	4.0	2208.0	163.0	SP	3448500.0	80.0	452.0	5.65
1847	2023.0	4.0	203.0	776.0	SP	3450704.0	456.0	1893.0	4.151315789473684
1848	2023.0	7.0	8481.0	97.0	SP	3431308.0	397.0	54152.0	136.4030226700252
1850	2023.0	7.0	6106.0	23.0	SP	3450308.0	3.0	1255.0	418.3333333333333
1855	2023.0	8.0	8512.0	589.0	SP	3456701.0	565.0	31946.0	56.541592920353985
1856	2023.0	9.0	9029.0	249.0	SP	3449904.0	1.0	1014.0	1014.0
1857	2023.0	11.0	8536.0	97.0	SP	3448708.0	298.0	16269.0	54.59395973154363
1862	2023.0	6.0	7318.0	845.0	SP	3429302.0	479.0	4093.0	8.544885177453027
1865	2023.0	5.0	9032.0	249.0	SP	3418800.0	160.0	36161.0	226.00625
1866	2023.0	12.0	1511.0	845.0	SP	3426902.0	38344.0	56066.0	1.4621844356353015
1867	2023.0	10.0	5603.0	63.0	SP	3425904.0	45746.0	182382.0	3.986840379486731
1868	2023.0	9.0	8479.0	97.0	SP	3409205.0	32.0	7640.0	238.75
1869	2023.0	9.0	8537.0	63.0	SP	3456701.0	14.0	3894.0	278.14285714285717
1870	2023.0	4.0	8544.0	239.0	SP	3430607.0	1438.0	45198.0	31.43115438108484
1873	2023.0	6.0	7326.0	845.0	SP	3425904.0	23.0	1645.0	71.52173913043478
1874	2023.0	9.0	901.0	149.0	SP	3416200.0	38400.0	107853.0	2.808671875
1875	2023.0	2.0	7307.0	158.0	SP	3415004.0	212.0	16443.0	77.56132075471699
1876	2023.0	2.0	8536.0	589.0	SP	3450308.0	44.0	4011.0	91.1590909090909
1882	2023.0	4.0	8481.0	249.0	SP	3443402.0	90.0	20291.0	225.45555555555555
1883	2023.0	8.0	8544.0	23.0	SP	3425904.0	60.0	20110.0	335.1666666666667
1885	2023.0	5.0	3105.0	586.0	SP	3429401.0	120000.0	70886.0	0.5907166666666667
1886	2023.0	7.0	705.0	476.0	SP	3448500.0	1105.0	3726.0	3.371945701357466
1888	2023.0	9.0	8482.0	275.0	SP	3452205.0	3927.0	114429.0	29.13903743315508
1890	2023.0	10.0	8708.0	158.0	SP	3418800.0	6662.0	73516.0	11.035124587211047
1894	2023.0	5.0	3305.0	69.0	SP	3413801.0	49.0	1183.0	24.142857142857142
1896	2023.0	9.0	1701.0	240.0	SP	3427108.0	1000000.0	599343.0	0.599343
1898	2023.0	6.0	9031.0	361.0	SP	3438709.0	2.0	401.0	200.5
1900	2023.0	4.0	8708.0	23.0	SP	3409502.0	10117.0	318641.0	31.495601462884256
1901	2023.0	9.0	8483.0	249.0	SP	3452205.0	12180.0	182787.0	15.007142857142858
1904	2023.0	8.0	2308.0	87.0	SP	3429302.0	652120.0	443441.0	0.6799990799239404
1905	2023.0	7.0	3214.0	580.0	SP	3424709.0	977.0	4193.0	4.2917093142272265
1906	2023.0	11.0	6205.0	589.0	SP	3450308.0	1.0	99.0	99.0
1909	2023.0	4.0	2710.0	87.0	SP	3448500.0	289937.0	173382.0	0.5979988756178066
1910	2023.0	6.0	2909.0	399.0	SP	3418800.0	171200.0	381717.0	2.229655373831776
1912	2023.0	10.0	4016.0	158.0	SP	3426902.0	40.0	10235.0	255.875
1914	2023.0	7.0	8504.0	158.0	SP	3420509.0	11.0	883.0	80.27272727272727
1916	2023.0	7.0	8543.0	97.0	SP	3447809.0	3.0	404.0	134.66666666666666
1917	2023.0	2.0	8481.0	607.0	SP	3450308.0	21.0	1222.0	58.19047619047619
1918	2023.0	2.0	3917.0	493.0	SP	3404107.0	878.0	15722.0	17.906605922551254
1919	2023.0	10.0	8414.0	158.0	SP	3429005.0	56.0	1212.0	21.642857142857142
1920	2023.0	6.0	8483.0	239.0	SP	3456701.0	58.0	7448.0	128.41379310344828
1922	2023.0	7.0	6907.0	63.0	SP	3412407.0	694945.0	194576.0	0.2799876249199577
1923	2023.0	4.0	8483.0	493.0	SP	3448708.0	3904.0	46662.0	11.95235655737705
1926	2023.0	7.0	2843.0	776.0	SP	3452205.0	36.0	20606.0	572.3888888888889
1928	2023.0	6.0	3919.0	158.0	SP	3456701.0	24514.0	138109.0	5.633882679285306
1933	2023.0	8.0	714.0	580.0	SP	3448500.0	1919.0	2193.0	1.1427826993225638
1935	2023.0	1.0	604.0	580.0	SP	3448500.0	1.0	8.0	8.0
1936	2023.0	7.0	8708.0	158.0	SP	3450308.0	22224.0	345388.0	15.541216702663787
1939	2023.0	1.0	8544.0	63.0	SP	3411508.0	52403.0	527694.0	10.069919661088106
1941	2023.0	11.0	1806.0	776.0	SP	3450704.0	110.0	5330.0	48.45454545454545
1943	2023.0	11.0	8544.0	158.0	SP	3456701.0	30.0	6163.0	205.43333333333334
1945	2023.0	5.0	2009.0	399.0	SP	3429302.0	69128.0	257814.0	3.7295162596921654
1948	2023.0	5.0	8483.0	249.0	SP	3426902.0	59.0	3120.0	52.88135593220339
1949	2023.0	6.0	8474.0	580.0	SP	3454102.0	16000.0	246136.0	15.3835
1950	2023.0	8.0	3004.0	493.0	SP	3419071.0	3800.0	340334.0	89.56157894736842
1952	2023.0	3.0	4016.0	687.0	SP	3425904.0	1.0	139.0	139.0
1954	2023.0	6.0	9032.0	169.0	SP	3425904.0	55.0	11587.0	210.6727272727273
1956	2023.0	6.0	8503.0	23.0	SP	3450308.0	12267.0	321457.0	26.205021602673842
1958	2023.0	10.0	3910.0	687.0	SP	3433403.0	800.0	2003.0	2.50375
1959	2023.0	6.0	6804.0	158.0	SP	3413009.0	11.0	102.0	9.272727272727273
1961	2023.0	7.0	3919.0	275.0	SP	3454102.0	33.0	12130.0	367.57575757575756
1962	2023.0	9.0	8484.0	97.0	SP	3448708.0	1.0	54.0	54.0
1963	2023.0	11.0	806.0	467.0	SP	3448500.0	242.0	1008.0	4.1652892561983474
1971	2023.0	5.0	3917.0	586.0	SP	3402754.0	109854.0	295610.0	2.690935241320298
1975	2023.0	4.0	8545.0	586.0	SP	3413009.0	193.0	5905.0	30.59585492227979
1980	2023.0	4.0	5402.0	85.0	SP	3450308.0	13.0	10079.0	775.3076923076923
1981	2023.0	4.0	2203.0	163.0	SP	3448500.0	315.0	550.0	1.746031746031746
1984	2023.0	2.0	4016.0	493.0	SP	3440002.0	7.0	856.0	122.28571428571429
1985	2023.0	2.0	8483.0	493.0	SP	3456701.0	2192.0	44517.0	20.308850364963504
1988	2023.0	8.0	3305.0	573.0	SP	3428007.0	339.0	5769.0	17.01769911504425
1989	2023.0	12.0	207.0	43.0	SP	3448500.0	408.0	1068.0	2.6176470588235294
1991	2023.0	9.0	713.0	580.0	SP	3448500.0	615.0	2625.0	4.2682926829268295
1994	2023.0	12.0	8517.0	23.0	SP	3450308.0	76.0	21365.0	281.11842105263156
1996	2023.0	8.0	9026.0	97.0	SP	3440705.0	300.0	2344.0	7.8133333333333335
1997	2023.0	4.0	8471.0	249.0	SP	3405708.0	949.0	284153.0	299.4236037934668
1998	2023.0	2.0	9032.0	845.0	SP	3450308.0	51.0	2198.0	43.09803921568628
2001	2023.0	8.0	202.0	399.0	SP	3448500.0	78.0	410.0	5.256410256410256
2003	2023.0	2.0	8544.0	845.0	SP	3452205.0	31.0	2548.0	82.19354838709677
2005	2023.0	8.0	9022.0	63.0	SP	3443402.0	1057.0	109165.0	103.27814569536424
2006	2023.0	5.0	8481.0	756.0	SP	3456701.0	70.0	6376.0	91.08571428571429
2007	2023.0	4.0	8471.0	351.0	SP	3452205.0	72.0	90400.0	1255.5555555555557
2010	2023.0	12.0	2815.0	434.0	SP	3448500.0	314.0	4320.0	13.757961783439491
2012	2023.0	6.0	3211.0	845.0	SP	3452403.0	51.0	502.0	9.843137254901961
2013	2023.0	7.0	1507.0	476.0	SP	3448500.0	504.0	3023.0	5.998015873015873
2015	2023.0	8.0	2922.0	163.0	SP	3448500.0	16.0	143.0	8.9375
2016	2023.0	9.0	8483.0	833.0	SP	3415186.0	2350.0	2306.0	0.9812765957446808
2023	2023.0	9.0	8708.0	317.0	SP	3409502.0	119.0	3184.0	26.756302521008404
2024	2023.0	5.0	7007.0	361.0	SP	3452205.0	50.0	463.0	9.26
2027	2023.0	9.0	2922.0	63.0	SP	3450308.0	25056.0	64001.0	2.5543183269476373
2028	2023.0	3.0	1202.0	676.0	SP	3419006.0	100000.0	128000.0	1.28
2029	2023.0	7.0	3403.0	476.0	SP	3449904.0	39.0	305.0	7.82051282051282
2031	2023.0	2.0	7318.0	845.0	SP	3456701.0	169.0	9737.0	57.61538461538461
2032	2023.0	1.0	8409.0	845.0	SP	3425904.0	933.0	19134.0	20.508038585209004
2035	2023.0	11.0	9005.0	476.0	SP	3448500.0	2.0	1384.0	692.0
2039	2023.0	2.0	7320.0	845.0	SP	3452205.0	68.0	586.0	8.617647058823529
2040	2023.0	1.0	405.0	741.0	SP	3448500.0	87.0	1292.0	14.850574712643677
2041	2023.0	8.0	8409.0	232.0	SP	3426902.0	271.0	2998.0	11.062730627306273
2045	2023.0	7.0	8516.0	345.0	SP	3448906.0	3120.0	15405.0	4.9375
2046	2023.0	7.0	8536.0	317.0	SP	3452205.0	5.0	805.0	161.0
2047	2023.0	5.0	8542.0	355.0	SP	3449904.0	1.0	4207.0	4207.0
2053	2023.0	10.0	6204.0	741.0	SP	3450308.0	7.0	4250.0	607.1428571428571
2057	2023.0	3.0	204.0	741.0	SP	3448500.0	277.0	3715.0	13.411552346570398
2060	2023.0	6.0	2906.0	23.0	SP	3454706.0	420.0	44831.0	106.74047619047619
2061	2023.0	2.0	3305.0	607.0	SP	3449805.0	12514.0	116448.0	9.305417931916255
2062	2023.0	10.0	7320.0	589.0	SP	3409502.0	1877.0	11745.0	6.257325519445924
2065	2023.0	6.0	8429.0	493.0	SP	3420509.0	612690.0	5176327.0	8.448525355399958
2078	2023.0	7.0	703.0	845.0	SP	3450308.0	25000.0	23125.0	0.925
2081	2023.0	8.0	709.0	741.0	SP	3448500.0	1738.0	4746.0	2.7307249712313
2084	2023.0	4.0	7019.0	158.0	SP	3422208.0	750.0	29437.0	39.24933333333333
2088	2023.0	4.0	3503.0	538.0	SP	3448500.0	2.0	38.0	19.0
2089	2023.0	5.0	8483.0	149.0	SP	3425904.0	203.0	73976.0	364.41379310344826
2093	2023.0	7.0	3919.0	847.0	SP	3430607.0	349.0	88678.0	254.09169054441261
2094	2023.0	7.0	8708.0	493.0	SP	3409502.0	3406.0	225506.0	66.20845566647094
2095	2023.0	12.0	8512.0	158.0	SP	3452205.0	967.0	22694.0	23.468459152016546
2096	2023.0	6.0	7318.0	764.0	SP	3409502.0	692.0	29564.0	42.72254335260116
2099	2023.0	7.0	3912.0	97.0	SP	3425904.0	7.0	103.0	14.714285714285714
2105	2023.0	12.0	7315.0	317.0	SP	3420509.0	21.0	814.0	38.76190476190476
2111	2023.0	7.0	8414.0	386.0	SP	3403901.0	98.0	1506.0	15.36734693877551
2113	2023.0	6.0	8481.0	169.0	SP	3413108.0	32.0	3291.0	102.84375
2114	2023.0	9.0	805.0	137.0	SP	3448500.0	114.0	141.0	1.236842105263158
2115	2023.0	6.0	6907.0	196.0	SP	3446702.0	103514.0	18019.0	0.17407307224143595
2120	2023.0	8.0	8483.0	589.0	SP	3456701.0	422.0	31049.0	73.57582938388626
2121	2023.0	9.0	8471.0	244.0	SP	3450308.0	65.0	4300.0	66.15384615384616
2123	2023.0	7.0	3302.0	160.0	SP	3454102.0	17777.0	253975.0	14.286718793947236
2124	2023.0	12.0	8482.0	158.0	SP	3409502.0	526.0	19465.0	37.00570342205323
2126	2023.0	5.0	7326.0	275.0	SP	3425904.0	47.0	3948.0	84.0
2127	2023.0	1.0	3919.0	249.0	SP	3449904.0	3.0	9886.0	3295.3333333333335
2129	2023.0	12.0	203.0	351.0	SP	3448500.0	2295.0	9799.0	4.269716775599129
2130	2023.0	2.0	3305.0	196.0	SP	3400402.0	19442.0	59062.0	3.037856187635017
2131	2023.0	6.0	9606.0	399.0	SP	3452205.0	35.0	852.0	24.34285714285714
2132	2023.0	1.0	8512.0	647.0	SP	3456701.0	77.0	6702.0	87.03896103896103
2133	2023.0	4.0	8708.0	845.0	SP	3409205.0	6664.0	52148.0	7.825330132052821
2134	2023.0	11.0	8431.0	160.0	SP	3438709.0	35.0	408.0	11.657142857142857
2144	2023.0	6.0	8708.0	63.0	SP	3452205.0	380502.0	6263371.0	16.460809667229082
2148	2023.0	12.0	709.0	232.0	SP	3448500.0	1083.0	4434.0	4.094182825484765
2153	2023.0	3.0	1704.0	391.0	SP	3443907.0	46958.0	78275.0	1.6669151156352484
2159	2023.0	1.0	707.0	386.0	SP	3448500.0	20.0	22.0	1.1
2160	2023.0	7.0	9032.0	23.0	SP	3456701.0	50.0	6970.0	139.4
2162	2023.0	4.0	3926.0	845.0	SP	3440606.0	11.0	798.0	72.54545454545455
2163	2023.0	11.0	7318.0	63.0	SP	3456206.0	1.0	82.0	82.0
2166	2023.0	2.0	3809.0	756.0	SP	3423909.0	226.0	2520.0	11.150442477876107
2168	2023.0	4.0	8708.0	63.0	SP	3448708.0	2698663.0	22304830.0	8.265140923486927
2169	2023.0	8.0	8529.0	160.0	SP	3449904.0	5.0	2212.0	442.4
2171	2023.0	12.0	6402.0	357.0	SP	3450308.0	915.0	2616.0	2.859016393442623
2172	2023.0	5.0	8483.0	586.0	SP	3456503.0	243.0	1384.0	5.695473251028806
2174	2023.0	7.0	2847.0	607.0	SP	3425904.0	520.0	2369.0	4.555769230769231
2175	2023.0	10.0	4011.0	386.0	SP	3408405.0	30759.0	203131.0	6.603953314477064
2179	2023.0	9.0	8481.0	97.0	SP	3425904.0	4558.0	63970.0	14.034664326458973
2180	2023.0	1.0	8543.0	158.0	SP	3456701.0	18.0	14298.0	794.3333333333334
2181	2023.0	9.0	8538.0	791.0	SP	3424907.0	368.0	18395.0	49.98641304347826
2184	2023.0	7.0	3401.0	81.0	SP	3448500.0	154.0	486.0	3.155844155844156
2187	2023.0	12.0	4411.0	845.0	SP	3413801.0	496.0	2430.0	4.899193548387097
2188	2023.0	5.0	7318.0	158.0	SP	3409502.0	2241.0	58764.0	26.22222222222222
2189	2023.0	4.0	2005.0	586.0	SP	3402804.0	15086.0	22156.0	1.468646427151001
2191	2023.0	6.0	8414.0	586.0	SP	3452205.0	515.0	12880.0	25.009708737864077
2192	2023.0	8.0	3926.0	169.0	SP	3452205.0	9791.0	58392.0	5.9638443468491475
2194	2023.0	3.0	802.0	351.0	SP	3448500.0	34.0	397.0	11.676470588235293
2195	2023.0	11.0	203.0	607.0	SP	3448500.0	398.0	1393.0	3.5
2196	2023.0	7.0	7304.0	756.0	SP	3456701.0	17.0	63.0	3.7058823529411766
2197	2023.0	5.0	8473.0	249.0	SP	3425904.0	621.0	246821.0	397.4573268921095
2199	2023.0	9.0	9403.0	845.0	SP	3417505.0	4894.0	10367.0	2.118308132407029
2200	2023.0	12.0	8482.0	158.0	SP	3448708.0	112.0	2490.0	22.232142857142858
2202	2023.0	6.0	7106.0	97.0	SP	3429401.0	106.0	11649.0	109.89622641509433
2204	2023.0	11.0	2101.0	249.0	SP	3448500.0	6336.0	109195.0	17.234059343434343
2207	2023.0	6.0	7318.0	309.0	SP	3451702.0	6.0	219.0	36.5
2208	2023.0	11.0	804.0	301.0	SP	3448500.0	193.0	312.0	1.616580310880829
2210	2023.0	9.0	7318.0	63.0	SP	3450308.0	6724.0	87166.0	12.963414634146341
2213	2023.0	9.0	3917.0	586.0	SP	3449904.0	2298.0	9505.0	4.136205395996519
2216	2023.0	1.0	3303.0	158.0	SP	3409205.0	56889.0	605348.0	10.640862029566348
2219	2023.0	7.0	2005.0	805.0	SP	3448500.0	26.0	132.0	5.076923076923077
2220	2023.0	2.0	3401.0	249.0	SP	3425201.0	2970.0	18032.0	6.071380471380471
2222	2023.0	4.0	3906.0	169.0	SP	3433403.0	100.0	165.0	1.65
2223	2023.0	6.0	705.0	776.0	SP	3448500.0	5.0	11.0	2.2
2224	2023.0	6.0	8481.0	63.0	SP	3440606.0	544.0	474.0	0.8713235294117647
2226	2023.0	12.0	2309.0	845.0	SP	3428403.0	57000.0	54770.0	0.9608771929824561
2229	2023.0	10.0	8708.0	247.0	SP	3452205.0	159.0	16387.0	103.062893081761
2235	2023.0	11.0	5602.0	63.0	SP	3408504.0	1196.0	7103.0	5.938963210702341
2238	2023.0	5.0	910.0	467.0	SP	3448500.0	126.0	256.0	2.0317460317460316
2245	2023.0	7.0	5516.0	249.0	SP	3409502.0	74.0	1214.0	16.405405405405407
2247	2023.0	12.0	8413.0	196.0	SP	3452205.0	144.0	7783.0	54.048611111111114
2252	2023.0	5.0	8207.0	586.0	SP	3452205.0	273.0	14093.0	51.62271062271062
2254	2023.0	9.0	2202.0	160.0	SP	3448500.0	54.0	67.0	1.2407407407407407
2256	2023.0	11.0	8481.0	275.0	SP	3454102.0	3754.0	86596.0	23.06766116142781
2257	2023.0	5.0	8544.0	40.0	SP	3450308.0	343.0	3795.0	11.064139941690962
2260	2023.0	7.0	8708.0	341.0	SP	3456701.0	2.0	42.0	21.0
2263	2023.0	6.0	8482.0	345.0	SP	3449102.0	7.0	531.0	75.85714285714286
2265	2023.0	6.0	8482.0	361.0	SP	3456206.0	492.0	8436.0	17.146341463414632
2267	2023.0	11.0	8481.0	573.0	SP	3450308.0	215.0	40959.0	190.50697674418603
2269	2023.0	11.0	1904.0	232.0	SP	3448500.0	23.0	294.0	12.782608695652174
2271	2023.0	3.0	3917.0	158.0	SP	3425904.0	830.0	6184.0	7.450602409638554
2273	2023.0	12.0	8504.0	63.0	SP	3452205.0	1.0	151.0	151.0
