CO_ANO	CO_MES	SH4	CO_PAIS	SG_UF_MUN	CO_MUN	KG_LIQUIDO	VL_FOB	VALOR AGREGADO
2023.0	12.0	6104.0	858.0	SP	3415004.0	8189.0	255925.0	31.25228965685676
2023.0	2.0	8543.0	399.0	SP	3419071.0	19.0	12156.0	639.7894736842105
2023.0	4.0	7326.0	249.0	SP	3413504.0	18.0	3859.0	214.38888888888889
2023.0	12.0	8517.0	23.0	SP	3405708.0	18.0	30943.0	1719.0555555555557
2023.0	8.0	8424.0	386.0	SP	3447809.0	1.0	983.0	983.0
2023.0	7.0	8302.0	160.0	SP	3409205.0	31133.0	226995.0	7.2911380207496865
2023.0	10.0	8479.0	160.0	SP	3413009.0	6745.0	81731.0	12.117272053372869
2023.0	11.0	3919.0	190.0	SP	3450308.0	971.0	42064.0	43.320288362512876
2023.0	3.0	7228.0	386.0	SP	3425904.0	1143597.0	1380396.0	1.2070650762462651
2023.0	11.0	2930.0	249.0	SP	3405708.0	1.0	1722.0	1722.0
2023.0	4.0	8517.0	249.0	SP	3416853.0	266.0	1240100.0	4662.0300751879695
2023.0	7.0	8467.0	160.0	SP	3448500.0	721.0	11184.0	15.511789181692095
2023.0	2.0	3924.0	160.0	SP	3423909.0	433.0	3278.0	7.5704387990762125
2023.0	7.0	3926.0	72.0	SP	3415004.0	1193.0	49183.0	41.226320201173515
2023.0	5.0	8409.0	361.0	SP	3409205.0	161.0	2897.0	17.993788819875775
2023.0	12.0	7307.0	160.0	SP	3450308.0	165251.0	533606.0	3.2290636667856774
2023.0	2.0	3917.0	386.0	SP	3409205.0	2394.0	15453.0	6.454887218045113
2023.0	3.0	8528.0	386.0	SP	3450308.0	297.0	59735.0	201.12794612794613
2023.0	11.0	8536.0	23.0	SP	3443907.0	315.0	8449.0	26.822222222222223
2023.0	9.0	9027.0	767.0	SP	3450308.0	353.0	341436.0	967.2407932011331
2023.0	5.0	8481.0	160.0	SP	3409502.0	3776.0	129130.0	34.197563559322035
2023.0	7.0	8536.0	249.0	SP	3450308.0	1430.0	176880.0	123.6923076923077
2023.0	8.0	3822.0	249.0	SP	3425904.0	6372.0	678715.0	106.51522284996861
2023.0	10.0	7307.0	249.0	SP	3448708.0	32.0	4721.0	147.53125
2023.0	9.0	8413.0	23.0	SP	3448708.0	28638.0	739056.0	25.806830085899854
2023.0	5.0	7326.0	249.0	SP	3420509.0	7560.0	153780.0	20.341269841269842
2023.0	9.0	4016.0	399.0	SP	3404107.0	1.0	1443.0	1443.0
2023.0	4.0	6204.0	386.0	SP	3450308.0	1216.0	381752.0	313.9407894736842
2023.0	6.0	3908.0	767.0	SP	3409502.0	15742.0	195174.0	12.398297547960869
2023.0	12.0	7320.0	399.0	SP	3405708.0	35.0	1389.0	39.68571428571428
2023.0	11.0	8504.0	249.0	SP	3405708.0	683.0	68349.0	100.07174231332357
2023.0	11.0	3824.0	741.0	SP	3450308.0	165.0	10624.0	64.38787878787879
2023.0	12.0	7318.0	161.0	SP	3420509.0	205.0	2189.0	10.678048780487805
2023.0	9.0	9401.0	386.0	SP	3450308.0	1319.0	96219.0	72.94844579226687
2023.0	3.0	5705.0	628.0	SP	3450308.0	551.0	1389.0	2.5208711433756807
2023.0	12.0	9032.0	23.0	SP	3405708.0	302.0	61926.0	205.05298013245033
2023.0	2.0	7616.0	386.0	SP	3419071.0	1.0	1534.0	1534.0
2023.0	4.0	8470.0	160.0	SP	3450308.0	34787.0	94686.0	2.7218788627935724
2023.0	10.0	3004.0	63.0	SP	3428403.0	21962.0	77408.0	3.5246334577907295
2023.0	5.0	8302.0	160.0	SP	3456701.0	11.0	153.0	13.909090909090908
2023.0	9.0	8421.0	23.0	SP	3456701.0	25530.0	568819.0	22.2804151978065
2023.0	1.0	8536.0	232.0	SP	3403208.0	6.0	3514.0	585.6666666666666
2023.0	4.0	8504.0	249.0	SP	3440606.0	7066.0	122809.0	17.380271723747523
2023.0	11.0	8542.0	160.0	SP	3407001.0	3.0	5396.0	1798.6666666666667
2023.0	3.0	7412.0	249.0	SP	3418404.0	132.0	4182.0	31.681818181818183
2023.0	12.0	8473.0	249.0	SP	3405708.0	34.0	14523.0	427.1470588235294
2023.0	6.0	6203.0	160.0	SP	3450308.0	19655.0	636656.0	32.39155431187993
2023.0	1.0	5702.0	576.0	SP	3409205.0	14.0	200.0	14.285714285714286
2023.0	7.0	4202.0	160.0	SP	3426902.0	2039.0	27416.0	13.445806768023541
2023.0	5.0	8467.0	249.0	SP	3405708.0	2473.0	70734.0	28.602507076425393
2023.0	11.0	9020.0	23.0	SP	3416853.0	30.0	116687.0	3889.5666666666666
2023.0	1.0	1302.0	361.0	SP	3448708.0	140000.0	312214.0	2.2301
2023.0	12.0	8483.0	399.0	SP	3452205.0	2005.0	39152.0	19.52718204488778
2023.0	8.0	8507.0	160.0	SP	3448906.0	16553.0	1604755.0	96.94647495922189
2023.0	2.0	8409.0	160.0	SP	3420509.0	987.0	12988.0	13.159067882472138
2023.0	6.0	8431.0	23.0	SP	3425904.0	1890.0	40865.0	21.62169312169312
2023.0	6.0	4823.0	386.0	SP	3450308.0	6832.0	45948.0	6.725409836065574
2023.0	11.0	2941.0	493.0	SP	3450308.0	580.0	22546.0	38.87241379310345
2023.0	7.0	8504.0	355.0	SP	3450308.0	83.0	9888.0	119.13253012048193
2023.0	2.0	8431.0	23.0	SP	3456701.0	192.0	29498.0	153.63541666666666
2023.0	12.0	8413.0	160.0	SP	3449805.0	1552.0	18236.0	11.75
2023.0	5.0	8536.0	23.0	SP	3425904.0	13996.0	1622176.0	115.9028293798228
2023.0	8.0	3301.0	676.0	SP	3452205.0	10.0	1600.0	160.0
2023.0	2.0	8504.0	23.0	SP	3450308.0	5278.0	470011.0	89.0509662751042
2023.0	7.0	6112.0	160.0	SP	3450308.0	50.0	1836.0	36.72
2023.0	7.0	9031.0	149.0	SP	3450308.0	114.0	94620.0	830.0
2023.0	5.0	5407.0	161.0	SP	3403901.0	9885.0	29757.0	3.0103186646433993
2023.0	9.0	7326.0	628.0	SP	3413801.0	388.0	2467.0	6.358247422680412
2023.0	9.0	3926.0	23.0	SP	3409205.0	373.0	17993.0	48.238605898123325
2023.0	11.0	8209.0	791.0	SP	3452205.0	8.0	3398.0	424.75
2023.0	6.0	7616.0	160.0	SP	3452205.0	18092.0	580861.0	32.10595843466726
2023.0	1.0	3214.0	249.0	SP	3448708.0	677.0	15347.0	22.66912850812408
2023.0	12.0	2501.0	232.0	SP	3430706.0	24500.0	14650.0	0.5979591836734693
2023.0	5.0	8409.0	764.0	SP	3448708.0	136505.0	1742348.0	12.763986667155049
2023.0	7.0	6805.0	628.0	SP	3452205.0	1.0	46.0	46.0
2023.0	12.0	8471.0	249.0	SP	3450308.0	8401.0	3911807.0	465.63587668134744
2023.0	11.0	3302.0	63.0	SP	3450308.0	36491.0	282408.0	7.739113754076348
2023.0	3.0	4010.0	386.0	SP	3443907.0	106.0	11284.0	106.45283018867924
2023.0	10.0	2912.0	245.0	SP	3452502.0	19000.0	14708.0	0.7741052631578947
2023.0	2.0	8523.0	741.0	SP	3450308.0	7.0	1803.0	257.57142857142856
2023.0	4.0	7318.0	87.0	SP	3452205.0	3106.0	51190.0	16.48100450740502
2023.0	10.0	3403.0	23.0	SP	3407605.0	11.0	783.0	71.18181818181819
2023.0	3.0	4010.0	23.0	SP	3415004.0	17.0	4822.0	283.6470588235294
2023.0	3.0	7009.0	767.0	SP	3456701.0	7.0	151.0	21.571428571428573
2023.0	3.0	8466.0	247.0	SP	3405708.0	2.0	318.0	159.0
2023.0	9.0	9026.0	249.0	SP	3456206.0	4.0	2747.0	686.75
2023.0	6.0	3910.0	399.0	SP	3450308.0	6953.0	142940.0	20.55803250395513
2023.0	11.0	8482.0	399.0	SP	3440606.0	205.0	13421.0	65.46829268292683
2023.0	2.0	8534.0	351.0	SP	3423909.0	1212.0	17690.0	14.595709570957096
2023.0	9.0	4009.0	361.0	SP	3420509.0	1254.0	10439.0	8.324561403508772
2023.0	11.0	4202.0	361.0	SP	3409205.0	318.0	17208.0	54.113207547169814
2023.0	8.0	8484.0	386.0	SP	3450308.0	18.0	2104.0	116.88888888888889
2023.0	5.0	3304.0	190.0	SP	3450308.0	736.0	24968.0	33.92391304347826
2023.0	1.0	8536.0	493.0	SP	3448708.0	199.0	39115.0	196.55778894472363
2023.0	4.0	8481.0	764.0	SP	3413801.0	9.0	3970.0	441.1111111111111
2023.0	3.0	8414.0	23.0	SP	3450308.0	63791.0	1025626.0	16.077910677054756
2023.0	8.0	8471.0	858.0	SP	3409205.0	181.0	31979.0	176.67955801104972
2023.0	6.0	8487.0	249.0	SP	3419071.0	11.0	387.0	35.18181818181818
2023.0	4.0	9405.0	160.0	SP	3450308.0	393246.0	1546008.0	3.931401718008575
2023.0	7.0	8511.0	160.0	SP	3420509.0	41946.0	352667.0	8.40764316025366
2023.0	1.0	4811.0	160.0	SP	3450308.0	24881.0	107268.0	4.311241509585628
2023.0	5.0	7318.0	628.0	SP	3409205.0	3.0	577.0	192.33333333333334
2023.0	4.0	4016.0	160.0	SP	3452205.0	3401.0	63274.0	18.60452807997648
2023.0	3.0	3909.0	23.0	SP	3452403.0	17510.0	118931.0	6.792175899486008
2023.0	7.0	8413.0	23.0	SP	3448708.0	40420.0	1085230.0	26.848837209302324
2023.0	2.0	8708.0	764.0	SP	3456701.0	26491.0	483353.0	18.245932580876524
2023.0	11.0	7318.0	365.0	SP	3423404.0	2.0	479.0	239.5
2023.0	2.0	4009.0	249.0	SP	3415004.0	255.0	15113.0	59.266666666666666
2023.0	7.0	8543.0	160.0	SP	3425904.0	320.0	43054.0	134.54375
2023.0	4.0	8531.0	249.0	SP	3425904.0	162.0	90914.0	561.1975308641976
2023.0	2.0	9032.0	249.0	SP	3409502.0	1129.0	437940.0	387.9007971656333
2023.0	8.0	8505.0	190.0	SP	3420509.0	2.0	534.0	267.0
2023.0	3.0	3926.0	493.0	SP	3438006.0	9557.0	42008.0	4.395521607198912
2023.0	5.0	6004.0	160.0	SP	3450308.0	582.0	2826.0	4.855670103092783
2023.0	5.0	8511.0	246.0	SP	3452205.0	977.0	12237.0	12.525076765609008
2023.0	9.0	3208.0	249.0	SP	3429401.0	600.0	4026.0	6.71
2023.0	12.0	8409.0	23.0	SP	3456701.0	7345.0	253878.0	34.56473791695031
2023.0	12.0	7318.0	858.0	SP	3452205.0	7.0	133.0	19.0
2023.0	7.0	3810.0	23.0	SP	3423404.0	1680.0	20210.0	12.029761904761905
2023.0	11.0	3824.0	538.0	SP	3456701.0	3990.0	90429.0	22.66390977443609
2023.0	11.0	6702.0	160.0	SP	3450308.0	119651.0	314385.0	2.627516694386173
2023.0	12.0	8708.0	249.0	SP	3436505.0	25655.0	417165.0	16.26057298772169
2023.0	4.0	9031.0	776.0	SP	3413009.0	394.0	148821.0	377.7182741116751
2023.0	12.0	4016.0	386.0	SP	3454102.0	102.0	2072.0	20.313725490196077
2023.0	9.0	8511.0	493.0	SP	3438709.0	847.0	30408.0	35.900826446280995
2023.0	5.0	8544.0	493.0	SP	3431803.0	36.0	1618.0	44.94444444444444
2023.0	8.0	8310.0	23.0	SP	3448708.0	75.0	7145.0	95.26666666666667
2023.0	4.0	8512.0	160.0	SP	3420509.0	1251.0	26054.0	20.82653876898481
2023.0	12.0	8419.0	245.0	SP	3409502.0	7232.0	106098.0	14.670630530973451
2023.0	1.0	3403.0	386.0	SP	3422604.0	400.0	1836.0	4.59
2023.0	7.0	8473.0	399.0	SP	3450308.0	19.0	8739.0	459.94736842105266
2023.0	3.0	4408.0	249.0	SP	3457006.0	17409.0	38241.0	2.1966224366706877
2023.0	8.0	7318.0	160.0	SP	3426902.0	1789.0	23424.0	13.093348239239798
2023.0	8.0	7318.0	249.0	SP	3452205.0	30480.0	550209.0	18.051476377952756
2023.0	4.0	3917.0	160.0	SP	3438709.0	2043.0	9631.0	4.7141458639256
2023.0	9.0	8536.0	160.0	SP	3413801.0	2032.0	75286.0	37.050196850393704
2023.0	4.0	8544.0	607.0	SP	3409502.0	31.0	7131.0	230.03225806451613
2023.0	10.0	8481.0	249.0	SP	3425904.0	690.0	172518.0	250.02608695652174
2023.0	4.0	8409.0	23.0	SP	3418701.0	1270.0	131537.0	103.57244094488189
2023.0	7.0	8412.0	149.0	SP	3425904.0	53.0	1668.0	31.471698113207548
2023.0	4.0	8541.0	161.0	SP	3409502.0	5982.0	241873.0	40.433467067870275
2023.0	11.0	8424.0	23.0	SP	3434401.0	1126.0	28721.0	25.507104795737124
2023.0	11.0	7318.0	160.0	SP	3409205.0	838.0	11089.0	13.232696897374701
2023.0	7.0	6101.0	607.0	SP	3450308.0	29.0	7806.0	269.17241379310343
2023.0	6.0	8531.0	386.0	SP	3447304.0	5.0	168.0	33.6
2023.0	1.0	8481.0	399.0	SP	3431803.0	7.0	2373.0	339.0
2023.0	2.0	8481.0	361.0	SP	3454102.0	337.0	9815.0	29.124629080118694
2023.0	1.0	7013.0	160.0	SP	3450308.0	271048.0	449859.0	1.659702340544848
2023.0	3.0	7215.0	670.0	SP	3448005.0	24916.0	64074.0	2.5716005779418847
2023.0	10.0	2827.0	23.0	SP	3413009.0	418.0	17615.0	42.14114832535885
2023.0	1.0	8471.0	249.0	SP	3413009.0	2.0	484.0	242.0
2023.0	10.0	8467.0	161.0	SP	3452403.0	373.0	28427.0	76.21179624664879
2023.0	3.0	8436.0	160.0	SP	3456206.0	84.0	990.0	11.785714285714286
2023.0	3.0	8425.0	160.0	SP	3413009.0	16861.0	28971.0	1.718225490777534
2023.0	11.0	5407.0	190.0	SP	3409502.0	48.0	1595.0	33.229166666666664
2023.0	6.0	9031.0	767.0	SP	3424006.0	26.0	11842.0	455.46153846153845
2023.0	10.0	7419.0	249.0	SP	3416853.0	3.0	2073.0	691.0
2023.0	3.0	8504.0	493.0	SP	3413009.0	714.0	33703.0	47.203081232493
2023.0	6.0	8422.0	455.0	SP	3405708.0	67.0	9914.0	147.97014925373134
2023.0	6.0	7415.0	23.0	SP	3438709.0	256.0	6137.0	23.97265625
2023.0	9.0	7318.0	355.0	SP	3452205.0	3571.0	47995.0	13.440212825539065
2023.0	11.0	6208.0	160.0	SP	3402754.0	472.0	8949.0	18.959745762711865
2023.0	7.0	9032.0	386.0	SP	3452205.0	459.0	51710.0	112.65795206971677
2023.0	1.0	8481.0	383.0	SP	3418305.0	1878.0	115005.0	61.23801916932907
2023.0	11.0	3907.0	160.0	SP	3413009.0	1.0	639.0	639.0
2023.0	9.0	4010.0	160.0	SP	3424402.0	36395.0	139017.0	3.8196730320098915
2023.0	3.0	3926.0	827.0	SP	3456701.0	1.0	229.0	229.0
2023.0	4.0	8544.0	23.0	SP	3405708.0	416.0	37684.0	90.58653846153847
2023.0	3.0	7320.0	386.0	SP	3420509.0	7.0	219.0	31.285714285714285
2023.0	8.0	8479.0	23.0	SP	3409502.0	4143.0	729298.0	176.03137822833696
2023.0	2.0	8482.0	23.0	SP	3448708.0	143056.0	2066651.0	14.446447545017335
2023.0	3.0	8482.0	160.0	SP	3448906.0	3807.0	23162.0	6.084055686892566
2023.0	10.0	8531.0	160.0	SP	3456206.0	5424.0	178180.0	32.850294985250734
2023.0	11.0	7315.0	160.0	SP	3450308.0	30223.0	198258.0	6.5598385335671505
2023.0	4.0	8481.0	767.0	SP	3418404.0	30.0	5770.0	192.33333333333334
2023.0	11.0	3920.0	23.0	SP	3425904.0	19447.0	71488.0	3.676042577261274
2023.0	2.0	3506.0	23.0	SP	3456701.0	136.0	7352.0	54.05882352941177
2023.0	12.0	5808.0	160.0	SP	3450308.0	10259.0	68326.0	6.660103323910713
2023.0	8.0	8536.0	386.0	SP	3452205.0	17226.0	729019.0	42.32085220016255
2023.0	11.0	8483.0	767.0	SP	3418800.0	40.0	17234.0	430.85
2023.0	12.0	4010.0	275.0	SP	3452205.0	172.0	4106.0	23.872093023255815
2023.0	8.0	4819.0	160.0	SP	3424709.0	933.0	20448.0	21.916398713826368
2023.0	7.0	7307.0	249.0	SP	3405708.0	148.0	8967.0	60.58783783783784
2023.0	10.0	8538.0	399.0	SP	3440606.0	9.0	1234.0	137.11111111111111
2023.0	2.0	8708.0	386.0	SP	3452205.0	84459.0	795511.0	9.418901478824045
2023.0	3.0	8409.0	23.0	SP	3430607.0	101111.0	285527.0	2.823896509776384
2023.0	10.0	3917.0	249.0	SP	3407605.0	25.0	3869.0	154.76
2023.0	12.0	4821.0	160.0	SP	3425904.0	8.0	563.0	70.375
2023.0	10.0	8544.0	23.0	SP	3425904.0	7099.0	157470.0	22.18199746443161
2023.0	6.0	2930.0	160.0	SP	3436505.0	50030.0	1282009.0	25.624805116929842
2023.0	7.0	8531.0	249.0	SP	3418800.0	5.0	34421.0	6884.2
2023.0	10.0	8523.0	23.0	SP	3425904.0	1052.0	26442.0	25.134980988593156
2023.0	2.0	8538.0	386.0	SP	3450308.0	74.0	25358.0	342.6756756756757
2023.0	3.0	7607.0	361.0	SP	3450308.0	1200.0	4969.0	4.140833333333333
2023.0	12.0	7318.0	399.0	SP	3423909.0	19019.0	134598.0	7.077028234922972
2023.0	7.0	2920.0	160.0	SP	3448708.0	20000.0	22495.0	1.12475
2023.0	5.0	8203.0	160.0	SP	3426902.0	442.0	803.0	1.8167420814479638
2023.0	6.0	7326.0	361.0	SP	3418800.0	399.0	3837.0	9.61654135338346
2023.0	3.0	8431.0	249.0	SP	3418404.0	410.0	5044.0	12.302439024390244
2023.0	4.0	8479.0	249.0	SP	3409502.0	374.0	306617.0	819.8315508021391
2023.0	8.0	9026.0	249.0	SP	3450308.0	6175.0	1354489.0	219.35044534412955
2023.0	4.0	7307.0	764.0	SP	3405708.0	7.0	282.0	40.285714285714285
2023.0	3.0	4008.0	245.0	SP	3454102.0	650.0	47219.0	72.64461538461538
2023.0	8.0	8544.0	111.0	SP	3431803.0	26.0	303.0	11.653846153846153
2023.0	9.0	8541.0	160.0	SP	3443303.0	5.0	5632.0	1126.4
2023.0	7.0	8409.0	607.0	SP	3450308.0	1121.0	27253.0	24.311329170383587
2023.0	4.0	7318.0	628.0	SP	3452205.0	13728.0	77438.0	5.640879953379954
2023.0	3.0	8807.0	275.0	SP	3407506.0	106.0	167771.0	1582.745283018868
2023.0	3.0	3002.0	232.0	SP	3413009.0	9.0	70.0	7.777777777777778
2023.0	7.0	3808.0	160.0	SP	3405708.0	2765652.0	10600531.0	3.832922941859641
2023.0	7.0	2826.0	275.0	SP	3450308.0	164810.0	56079.0	0.34026454705418363
2023.0	2.0	8537.0	72.0	SP	3409502.0	89.0	38996.0	438.1573033707865
2023.0	1.0	8483.0	386.0	SP	3405708.0	786.0	58849.0	74.87150127226464
2023.0	7.0	8419.0	23.0	SP	3413801.0	325.0	21789.0	67.04307692307692
2023.0	9.0	8536.0	399.0	SP	3454003.0	1152.0	35425.0	30.750868055555557
2023.0	6.0	8481.0	603.0	SP	3405708.0	2442.0	104226.0	42.680589680589684
2023.0	5.0	8536.0	603.0	SP	3452205.0	214.0	19150.0	89.48598130841121
2023.0	4.0	8481.0	87.0	SP	3405708.0	1248.0	121907.0	97.68189102564102
2023.0	12.0	8414.0	160.0	SP	3420509.0	15484.0	416466.0	26.896538362180316
2023.0	6.0	9032.0	160.0	SP	3425904.0	295.0	27643.0	93.70508474576272
2023.0	3.0	9403.0	249.0	SP	3405708.0	1210.0	192159.0	158.8090909090909
2023.0	8.0	8509.0	160.0	SP	3450308.0	85330.0	407025.0	4.770010547287003
2023.0	11.0	7318.0	23.0	SP	3452205.0	29294.0	443134.0	15.12712500853417
2023.0	11.0	8534.0	741.0	SP	3409502.0	9.0	440.0	48.888888888888886
2023.0	4.0	7326.0	351.0	SP	3450308.0	1011.0	1792.0	1.7725024727992087
2023.0	3.0	6204.0	386.0	SP	3413009.0	28.0	29468.0	1052.4285714285713
2023.0	6.0	8421.0	603.0	SP	3405708.0	10.0	741.0	74.1
2023.0	9.0	8542.0	767.0	SP	3450308.0	30.0	67256.0	2241.866666666667
2023.0	11.0	7113.0	275.0	SP	3450308.0	4.0	684280.0	171070.0
2023.0	9.0	7419.0	275.0	SP	3448906.0	1.0	6466.0	6466.0
2023.0	10.0	6104.0	365.0	SP	3415004.0	412.0	10367.0	25.1626213592233
2023.0	12.0	6205.0	386.0	SP	3450308.0	158.0	144982.0	917.6075949367089
2023.0	7.0	7318.0	249.0	SP	3436703.0	228.0	3960.0	17.36842105263158
2023.0	6.0	7007.0	160.0	SP	3405708.0	25874.0	20026.0	0.7739816031537451
2023.0	8.0	8412.0	386.0	SP	3456701.0	95.0	6576.0	69.22105263157894
2023.0	6.0	6903.0	249.0	SP	3443907.0	67.0	13274.0	198.11940298507463
2023.0	8.0	8204.0	628.0	SP	3405708.0	7.0	3750.0	535.7142857142857
2023.0	10.0	8481.0	386.0	SP	3452809.0	660.0	85520.0	129.57575757575756
2023.0	2.0	8541.0	355.0	SP	3425904.0	87.0	17978.0	206.64367816091954
2023.0	2.0	8531.0	149.0	SP	3450308.0	125.0	62390.0	499.12
2023.0	11.0	8543.0	399.0	SP	3452205.0	1062.0	145537.0	137.04048964218455
2023.0	8.0	8481.0	249.0	SP	3425904.0	368.0	139393.0	378.7853260869565
2023.0	4.0	2931.0	249.0	SP	3413009.0	3.0	8971.0	2990.3333333333335
2023.0	12.0	3214.0	249.0	SP	3438006.0	34564.0	655088.0	18.952898970026617
2023.0	7.0	8536.0	493.0	SP	3443402.0	84.0	20408.0	242.95238095238096
2023.0	6.0	2931.0	23.0	SP	3405708.0	25800.0	176367.0	6.835930232558139
2023.0	8.0	8409.0	764.0	SP	3448708.0	216772.0	2569405.0	11.8530299116122
2023.0	4.0	7326.0	361.0	SP	3409502.0	46.0	1758.0	38.21739130434783
2023.0	12.0	9026.0	249.0	SP	3438709.0	1546.0	507429.0	328.22056921086676
2023.0	1.0	7326.0	249.0	SP	3452205.0	11192.0	112215.0	10.026358112937812
2023.0	12.0	9019.0	23.0	SP	3450308.0	23.0	3507.0	152.47826086956522
2023.0	1.0	8203.0	351.0	SP	3450308.0	10288.0	44122.0	4.2886858475894245
2023.0	10.0	8481.0	249.0	SP	3452205.0	8237.0	507914.0	61.6624984824572
2023.0	9.0	6802.0	160.0	SP	3422208.0	24228.0	12698.0	0.5241043420835397
2023.0	1.0	4016.0	160.0	SP	3420509.0	6073.0	112805.0	18.574839453317963
2023.0	7.0	8541.0	161.0	SP	3425904.0	318.0	70898.0	222.9496855345912
2023.0	12.0	8544.0	249.0	SP	3427306.0	34.0	4799.0	141.14705882352942
2023.0	12.0	8517.0	160.0	SP	3409502.0	1690.0	1439460.0	851.7514792899408
2023.0	3.0	3004.0	158.0	SP	3405708.0	2062.0	32814.0	15.913676042677013
2023.0	4.0	8423.0	160.0	SP	3448807.0	739.0	3369.0	4.558863328822733
2023.0	2.0	1905.0	245.0	SP	3450308.0	60978.0	179067.0	2.936583685919512
2023.0	12.0	4009.0	249.0	SP	3448906.0	44.0	153210.0	3482.0454545454545
2023.0	6.0	8543.0	750.0	SP	3447809.0	1.0	415.0	415.0
2023.0	2.0	4016.0	23.0	SP	3409502.0	8246.0	440140.0	53.37618239146253
2023.0	9.0	3919.0	160.0	SP	3450308.0	124881.0	337734.0	2.7044466331948014
2023.0	1.0	8512.0	386.0	SP	3452205.0	2640.0	71175.0	26.960227272727273
2023.0	6.0	8421.0	23.0	SP	3409502.0	4867.0	248245.0	51.00575303061434
2023.0	2.0	8523.0	23.0	SP	3425904.0	1790.0	39400.0	22.011173184357542
2023.0	8.0	8531.0	160.0	SP	3418800.0	120.0	24568.0	204.73333333333332
2023.0	1.0	3901.0	399.0	SP	3422307.0	4925.0	22798.0	4.629035532994924
2023.0	9.0	8431.0	628.0	SP	3436703.0	351.0	28051.0	79.91737891737891
2023.0	8.0	2503.0	53.0	SP	3447304.0	520000.0	100946.0	0.19412692307692309
2023.0	6.0	8466.0	23.0	SP	3418404.0	53.0	30361.0	572.8490566037735
2023.0	10.0	3824.0	249.0	SP	3425904.0	10885.0	74407.0	6.835737253100597
2023.0	5.0	5910.0	160.0	SP	3401608.0	47900.0	147317.0	3.075511482254697
2023.0	11.0	8506.0	399.0	SP	3448906.0	140.0	21749.0	155.35
2023.0	4.0	8533.0	493.0	SP	3449904.0	6.0	4880.0	813.3333333333334
2023.0	5.0	8504.0	245.0	SP	3408405.0	55.0	9764.0	177.52727272727273
2023.0	10.0	3004.0	275.0	SP	3450308.0	35377.0	4340634.0	122.69649772451028
2023.0	3.0	8414.0	249.0	SP	3409502.0	15888.0	395873.0	24.9164778449144
2023.0	2.0	8501.0	767.0	SP	3450308.0	479.0	98927.0	206.52818371607515
2023.0	10.0	3404.0	249.0	SP	3448906.0	8000.0	56393.0	7.049125
2023.0	11.0	8708.0	87.0	SP	3405708.0	3.0	1217.0	405.6666666666667
2023.0	1.0	8414.0	23.0	SP	3418800.0	168.0	48041.0	285.9583333333333
2023.0	5.0	3916.0	776.0	SP	3445803.0	100.0	1974.0	19.74
2023.0	1.0	8511.0	776.0	SP	3420509.0	1183.0	27877.0	23.564666103127642
2023.0	1.0	6307.0	249.0	SP	3452403.0	35.0	1532.0	43.77142857142857
2023.0	3.0	8544.0	249.0	SP	3409205.0	722.0	63107.0	87.40581717451524
2023.0	1.0	8511.0	160.0	SP	3448906.0	9407.0	175736.0	18.681407462527904
2023.0	12.0	8481.0	361.0	SP	3413801.0	183.0	5716.0	31.23497267759563
2023.0	12.0	3906.0	249.0	SP	3402754.0	16295.0	49456.0	3.0350414237496164
2023.0	9.0	8301.0	249.0	SP	3449904.0	8.0	36369.0	4546.125
2023.0	6.0	8481.0	87.0	SP	3405708.0	1027.0	129839.0	126.4255111976631
2023.0	10.0	8509.0	160.0	SP	3450308.0	95214.0	971581.0	10.204182158085995
2023.0	2.0	8481.0	249.0	SP	3452205.0	8010.0	573184.0	71.5585518102372
2023.0	5.0	9027.0	23.0	SP	3450308.0	2971.0	858578.0	288.9861999326826
2023.0	1.0	5401.0	399.0	SP	3422307.0	20.0	633.0	31.65
2023.0	9.0	3215.0	573.0	SP	3456701.0	114.0	1663.0	14.587719298245615
2023.0	6.0	8467.0	190.0	SP	3409502.0	20.0	4270.0	213.5
2023.0	12.0	3926.0	23.0	SP	3434401.0	117.0	9521.0	81.37606837606837
2023.0	4.0	8536.0	23.0	SP	3418800.0	808.0	130805.0	161.88737623762376
2023.0	3.0	8482.0	247.0	SP	3450308.0	2995.0	88438.0	29.52854757929883
2023.0	9.0	9025.0	271.0	SP	3450308.0	1.0	1273.0	1273.0
2023.0	5.0	8708.0	764.0	SP	3413801.0	682.0	17496.0	25.653958944281523
2023.0	1.0	4823.0	249.0	SP	3438709.0	107.0	9786.0	91.45794392523365
2023.0	5.0	8443.0	628.0	SP	3452809.0	130.0	35888.0	276.0615384615385
2023.0	9.0	8533.0	63.0	SP	3450308.0	11.0	41.0	3.727272727272727
2023.0	12.0	8504.0	251.0	SP	3449904.0	3.0	334.0	111.33333333333333
2023.0	3.0	8807.0	455.0	SP	3418800.0	8.0	9720.0	1215.0
2023.0	4.0	7318.0	23.0	SP	3401608.0	157.0	2133.0	13.585987261146498
2023.0	9.0	7318.0	161.0	SP	3450308.0	19159.0	77649.0	4.05287332324234
2023.0	9.0	3926.0	249.0	SP	3418404.0	131.0	1334.0	10.183206106870228
2023.0	3.0	7210.0	386.0	SP	3452502.0	600.0	1717.0	2.861666666666667
2023.0	4.0	9032.0	87.0	SP	3405708.0	756.0	142895.0	189.01455026455025
2023.0	7.0	3917.0	23.0	SP	3450308.0	3163.0	114239.0	36.11729370850458
2023.0	7.0	8205.0	361.0	SP	3450308.0	6284.0	17619.0	2.803787396562699
2023.0	9.0	1509.0	158.0	SP	3418800.0	12465.0	87696.0	7.035379061371841
2023.0	6.0	7318.0	160.0	SP	3448807.0	15160.0	39602.0	2.612269129287599
2023.0	10.0	7318.0	628.0	SP	3413801.0	32.0	2165.0	67.65625
2023.0	9.0	7312.0	23.0	SP	3448500.0	2.0	202.0	101.0
2023.0	2.0	8466.0	791.0	SP	3409205.0	1.0	40.0	40.0
2023.0	10.0	8501.0	399.0	SP	3450308.0	2039.0	98466.0	48.291319274154
2023.0	5.0	8516.0	275.0	SP	3427306.0	2.0	483.0	241.5
2023.0	11.0	4010.0	386.0	SP	3422505.0	124.0	2840.0	22.903225806451612
2023.0	6.0	3204.0	161.0	SP	3452809.0	2010.0	19495.0	9.699004975124378
2023.0	12.0	9506.0	275.0	SP	3450308.0	8.0	3776.0	472.0
2023.0	10.0	8307.0	160.0	SP	3449805.0	20.0	80.0	4.0
2023.0	2.0	8424.0	386.0	SP	3411102.0	387.0	12812.0	33.10594315245478
2023.0	10.0	8517.0	160.0	SP	3449904.0	87606.0	2121046.0	24.211195580211403
2023.0	7.0	8708.0	160.0	SP	3450308.0	218338.0	1151008.0	5.271679689289084
2023.0	2.0	8487.0	23.0	SP	3425904.0	43.0	10038.0	233.4418604651163
2023.0	8.0	8205.0	160.0	SP	3413801.0	277.0	9396.0	33.92057761732852
2023.0	8.0	8422.0	628.0	SP	3401608.0	2.0	292.0	146.0
2023.0	6.0	8421.0	271.0	SP	3425904.0	13011.0	94471.0	7.260856198601184
2023.0	10.0	8481.0	245.0	SP	3407506.0	94.0	11481.0	122.13829787234043
2023.0	7.0	4421.0	386.0	SP	3450308.0	3.0	925.0	308.3333333333333
2023.0	9.0	4016.0	361.0	SP	3420509.0	2871.0	33220.0	11.57088122605364
2023.0	3.0	4821.0	249.0	SP	3418800.0	46.0	3603.0	78.32608695652173
2023.0	2.0	9405.0	386.0	SP	3420509.0	132.0	13259.0	100.4469696969697
2023.0	10.0	3923.0	23.0	SP	3452205.0	4565.0	24875.0	5.449069003285871
2023.0	7.0	7320.0	767.0	SP	3421002.0	2.0	129.0	64.5
2023.0	12.0	8414.0	160.0	SP	3456701.0	11201.0	56871.0	5.077314525488796
2023.0	12.0	7304.0	23.0	SP	3405708.0	1.0	466.0	466.0
2023.0	8.0	8483.0	23.0	SP	3408405.0	22.0	802.0	36.45454545454545
2023.0	8.0	8544.0	23.0	SP	3450308.0	5776.0	286748.0	49.64473684210526
2023.0	7.0	8481.0	190.0	SP	3448708.0	45.0	459.0	10.2
2023.0	5.0	9026.0	249.0	SP	3447809.0	132.0	6609.0	50.06818181818182
2023.0	1.0	8533.0	383.0	SP	3409502.0	4.0	1732.0	433.0
2023.0	4.0	7304.0	776.0	SP	3418800.0	204570.0	239362.0	1.1700738133646185
2023.0	2.0	8538.0	23.0	SP	3452205.0	521.0	58030.0	111.38195777351248
2023.0	10.0	6903.0	160.0	SP	3450308.0	37605.0	137226.0	3.649142401276426
2023.0	7.0	8414.0	160.0	SP	3420509.0	5136.0	233618.0	45.486370716510905
2023.0	11.0	3920.0	160.0	SP	3431803.0	122357.0	238414.0	1.9485113234224443
2023.0	11.0	8484.0	791.0	SP	3425904.0	56.0	12956.0	231.35714285714286
2023.0	1.0	8483.0	23.0	SP	3450308.0	35297.0	904647.0	25.62957191829334
2023.0	8.0	3901.0	399.0	SP	3440606.0	1500.0	6040.0	4.026666666666666
2023.0	5.0	3919.0	399.0	SP	3443907.0	283.0	5422.0	19.159010600706715
2023.0	9.0	8438.0	249.0	SP	3409502.0	964.0	189808.0	196.89626556016597
2023.0	6.0	8517.0	160.0	SP	3450308.0	65599.0	3742175.0	57.046220216771594
2023.0	5.0	8543.0	603.0	SP	3405708.0	2.0	370.0	185.0
2023.0	11.0	3917.0	249.0	SP	3447304.0	27.0	4446.0	164.66666666666666
2023.0	6.0	8413.0	23.0	SP	3409601.0	10.0	3012.0	301.2
2023.0	4.0	8533.0	365.0	SP	3450308.0	43.0	7184.0	167.06976744186048
2023.0	11.0	8503.0	160.0	SP	3426902.0	79.0	1742.0	22.050632911392405
2023.0	10.0	9020.0	249.0	SP	3452205.0	9.0	10763.0	1195.888888888889
2023.0	1.0	2905.0	249.0	SP	3429401.0	86953.0	285040.0	3.278092762756892
2023.0	3.0	9020.0	23.0	SP	3450308.0	122.0	93844.0	769.2131147540983
2023.0	7.0	4016.0	190.0	SP	3401608.0	288.0	4894.0	16.993055555555557
2023.0	5.0	7602.0	845.0	SP	3401152.0	84600.0	188073.0	2.2230851063829786
2023.0	4.0	9027.0	249.0	SP	3450308.0	2810.0	2742781.0	976.0786476868327
2023.0	9.0	3923.0	160.0	SP	3450308.0	227060.0	574221.0	2.528939487360169
2023.0	1.0	7318.0	249.0	SP	3425904.0	1751.0	341882.0	195.2495716733295
2023.0	11.0	8414.0	23.0	SP	3425904.0	18955.0	250985.0	13.241097335795304
2023.0	8.0	5208.0	589.0	SP	3450308.0	6130.0	179349.0	29.25758564437194
2023.0	4.0	8414.0	160.0	SP	3450308.0	112975.0	900373.0	7.969665855277716
2023.0	12.0	8414.0	383.0	SP	3450308.0	8.0	221.0	27.625
2023.0	1.0	9030.0	647.0	SP	3450308.0	6.0	10632.0	1772.0
2023.0	3.0	9021.0	361.0	SP	3450308.0	703.0	601606.0	855.769559032717
2023.0	2.0	3105.0	23.0	SP	3413009.0	167.0	3905.0	23.38323353293413
2023.0	11.0	8536.0	160.0	SP	3450308.0	86469.0	1360652.0	15.735720315951381
2023.0	10.0	8483.0	247.0	SP	3456701.0	104.0	3730.0	35.86538461538461
2023.0	8.0	8536.0	275.0	SP	3454003.0	2.0	77.0	38.5
2023.0	5.0	8412.0	249.0	SP	3452205.0	39116.0	798316.0	20.40893751917374
2023.0	10.0	6202.0	670.0	SP	3450308.0	44.0	20431.0	464.34090909090907
2023.0	3.0	8466.0	72.0	SP	3405708.0	43.0	5855.0	136.1627906976744
2023.0	10.0	7318.0	791.0	SP	3420509.0	45.0	2130.0	47.333333333333336
2023.0	2.0	8433.0	249.0	SP	3438709.0	2650.0	35717.0	13.47811320754717
2023.0	6.0	9603.0	628.0	SP	3450308.0	5511.0	206095.0	37.39702413355108
2023.0	4.0	8211.0	160.0	SP	3450308.0	22529.0	58149.0	2.581073283323716
2023.0	6.0	8428.0	160.0	SP	3449805.0	1600.0	3530.0	2.20625
2023.0	9.0	8414.0	383.0	SP	3450308.0	95.0	8292.0	87.28421052631579
2023.0	9.0	6201.0	93.0	SP	3409205.0	169.0	2934.0	17.36094674556213
2023.0	1.0	2912.0	249.0	SP	3436505.0	53257.0	202710.0	3.8062602099254557
2023.0	6.0	8525.0	160.0	SP	3452205.0	8.0	493.0	61.625
2023.0	10.0	8467.0	275.0	SP	3405708.0	14.0	8848.0	632.0
2023.0	5.0	9021.0	249.0	SP	3448807.0	559.0	370578.0	662.9302325581396
2023.0	6.0	4016.0	23.0	SP	3409502.0	8225.0	296976.0	36.10650455927052
2023.0	10.0	8544.0	249.0	SP	3423404.0	26.0	2443.0	93.96153846153847
2023.0	11.0	9603.0	160.0	SP	3430508.0	551.0	1270.0	2.304900181488203
2023.0	7.0	8412.0	791.0	SP	3448708.0	1472.0	33884.0	23.019021739130434
2023.0	11.0	4911.0	607.0	SP	3409205.0	1.0	68.0	68.0
2023.0	2.0	4016.0	160.0	SP	3418404.0	590.0	13867.0	23.503389830508475
2023.0	4.0	8501.0	232.0	SP	3438709.0	71.0	13625.0	191.90140845070422
2023.0	3.0	3910.0	23.0	SP	3430805.0	160.0	6261.0	39.13125
2023.0	4.0	3920.0	23.0	SP	3425904.0	12195.0	53483.0	4.385649856498565
2023.0	9.0	8501.0	603.0	SP	3456701.0	11.0	1276.0	116.0
2023.0	10.0	8708.0	232.0	SP	3436703.0	80814.0	352087.0	4.356757492513673
2023.0	10.0	9405.0	249.0	SP	3450308.0	270.0	49012.0	181.52592592592592
2023.0	11.0	8536.0	576.0	SP	3448708.0	322.0	6482.0	20.130434782608695
2023.0	12.0	8467.0	386.0	SP	3425904.0	6.0	2477.0	412.8333333333333
2023.0	10.0	8517.0	776.0	SP	3405708.0	131.0	152698.0	1165.6335877862596
2023.0	3.0	8501.0	776.0	SP	3452403.0	12.0	685.0	57.083333333333336
2023.0	8.0	4009.0	23.0	SP	3418404.0	2835.0	43769.0	15.438800705467372
2023.0	8.0	9018.0	375.0	SP	3434401.0	1243.0	289279.0	232.72646822204345
2023.0	8.0	2832.0	23.0	SP	3450308.0	269500.0	124972.0	0.46371799628942484
2023.0	7.0	8479.0	386.0	SP	3448708.0	839.0	41381.0	49.32181168057211
2023.0	11.0	9024.0	399.0	SP	3405708.0	1.0	24.0	24.0
2023.0	7.0	9031.0	249.0	SP	3416408.0	7.0	14352.0	2050.285714285714
2023.0	2.0	7307.0	190.0	SP	3438709.0	405.0	21814.0	53.861728395061725
2023.0	7.0	9025.0	23.0	SP	3448807.0	63.0	46223.0	733.6984126984127
2023.0	4.0	6914.0	249.0	SP	3438709.0	15.0	2303.0	153.53333333333333
2023.0	1.0	8536.0	23.0	SP	3418800.0	583.0	46468.0	79.704974271012
2023.0	6.0	8714.0	160.0	SP	3415707.0	3144.0	11420.0	3.632315521628499
2023.0	1.0	9505.0	160.0	SP	3443303.0	1171.0	22077.0	18.853116994022205
2023.0	12.0	8438.0	23.0	SP	3431803.0	1.0	117.0	117.0
2023.0	11.0	7616.0	190.0	SP	3424402.0	2927.0	876130.0	299.3269559275709
2023.0	7.0	8517.0	72.0	SP	3434401.0	2.0	6005.0	3002.5
2023.0	3.0	8544.0	776.0	SP	3452403.0	1.0	65.0	65.0
2023.0	9.0	9505.0	160.0	SP	3443402.0	23908.0	60550.0	2.532625062740505
2023.0	7.0	3204.0	249.0	SP	3434401.0	12672.0	325221.0	25.664535984848484
2023.0	6.0	8479.0	271.0	SP	3450308.0	2.0	3148.0	1574.0
2023.0	9.0	4009.0	160.0	SP	3418800.0	354.0	9147.0	25.838983050847457
2023.0	3.0	8515.0	249.0	SP	3438006.0	10.0	3646.0	364.6
2023.0	10.0	4016.0	386.0	SP	3404107.0	559.0	45828.0	81.98211091234347
2023.0	11.0	8536.0	161.0	SP	3423909.0	38.0	7212.0	189.78947368421052
2023.0	8.0	8302.0	249.0	SP	3418800.0	10231.0	259437.0	25.35793177597498
2023.0	10.0	8536.0	23.0	SP	3430805.0	6.0	6985.0	1164.1666666666667
2023.0	6.0	8214.0	160.0	SP	3409205.0	70.0	1169.0	16.7
2023.0	1.0	7007.0	399.0	SP	3440606.0	272.0	4150.0	15.257352941176471
2023.0	1.0	4911.0	764.0	SP	3405708.0	2.0	2954.0	1477.0
2023.0	1.0	6217.0	160.0	SP	3423404.0	2169.0	5423.0	2.500230520977409
2023.0	7.0	8539.0	386.0	SP	3452205.0	56.0	3056.0	54.57142857142857
2023.0	2.0	8517.0	161.0	SP	3450308.0	1598.0	300849.0	188.2659574468085
2023.0	6.0	7326.0	386.0	SP	3452205.0	9532.0	103751.0	10.88449433487201
2023.0	3.0	8708.0	160.0	SP	3456206.0	12753.0	92235.0	7.232415902140673
2023.0	7.0	8544.0	827.0	SP	3441000.0	6166.0	48111.0	7.802627311060655
2023.0	5.0	4823.0	249.0	SP	3405708.0	47.0	1035.0	22.02127659574468
2023.0	1.0	8708.0	386.0	SP	3452205.0	119580.0	876052.0	7.3260745944137815
2023.0	10.0	8443.0	275.0	SP	3425904.0	46.0	13310.0	289.3478260869565
2023.0	11.0	8536.0	628.0	SP	3409502.0	10.0	15277.0	1527.7
2023.0	9.0	9032.0	427.0	SP	3409205.0	103.0	58372.0	566.7184466019418
2023.0	9.0	8543.0	776.0	SP	3420509.0	1772.0	123959.0	69.95428893905192
2023.0	2.0	8482.0	399.0	SP	3452502.0	296376.0	2711181.0	9.147775123491781
2023.0	10.0	9205.0	399.0	SP	3450308.0	226.0	32225.0	142.58849557522123
2023.0	7.0	2905.0	455.0	SP	3418800.0	74100.0	270712.0	3.6533333333333333
2023.0	3.0	7318.0	275.0	SP	3450308.0	373.0	54870.0	147.10455764075067
2023.0	8.0	1702.0	23.0	SP	3452205.0	1200.0	3419.0	2.8491666666666666
2023.0	2.0	2933.0	275.0	SP	3413009.0	47.0	5861.0	124.70212765957447
2023.0	3.0	3911.0	249.0	SP	3450308.0	7869.0	44036.0	5.596136739102809
2023.0	12.0	8507.0	249.0	SP	3418800.0	8789.0	148609.0	16.90852201615656
2023.0	3.0	2914.0	160.0	SP	3410609.0	200.0	1069.0	5.345
2023.0	12.0	7318.0	245.0	SP	3450308.0	1801.0	22263.0	12.361465852304276
2023.0	6.0	8537.0	249.0	SP	3450308.0	438.0	136192.0	310.9406392694064
2023.0	4.0	8481.0	23.0	SP	3424709.0	187.0	13962.0	74.66310160427807
2023.0	4.0	8456.0	160.0	SP	3434401.0	42.0	493.0	11.738095238095237
2023.0	3.0	8421.0	386.0	SP	3450308.0	1837.0	49909.0	27.168753402286338
2023.0	7.0	9015.0	386.0	SP	3413009.0	1.0	987.0	987.0
2023.0	3.0	8108.0	275.0	SP	3409502.0	12.0	28992.0	2416.0
2023.0	6.0	7415.0	23.0	SP	3456701.0	47.0	1624.0	34.5531914893617
2023.0	2.0	8544.0	160.0	SP	3450308.0	107554.0	893449.0	8.306980679472638
2023.0	8.0	8409.0	63.0	SP	3456206.0	1611.0	53402.0	33.148355058969585
2023.0	4.0	9031.0	69.0	SP	3443402.0	23.0	8470.0	368.2608695652174
2023.0	4.0	8708.0	245.0	SP	3409502.0	105614.0	390081.0	3.693459200484784
2023.0	8.0	8409.0	628.0	SP	3450308.0	132.0	9777.0	74.06818181818181
2023.0	9.0	8539.0	23.0	SP	3405708.0	48.0	45584.0	949.6666666666666
2023.0	9.0	8533.0	23.0	SP	3418800.0	6.0	3991.0	665.1666666666666
2023.0	5.0	8431.0	23.0	SP	3438709.0	44784.0	225662.0	5.038897820650233
2023.0	5.0	8473.0	190.0	SP	3409205.0	57.0	39764.0	697.6140350877193
2023.0	5.0	8536.0	160.0	SP	3424709.0	1631.0	306270.0	187.78050275904354
2023.0	10.0	8544.0	249.0	SP	3452205.0	1678.0	119765.0	71.37365911799762
2023.0	1.0	8509.0	160.0	SP	3448500.0	1160.0	4834.0	4.167241379310345
2023.0	10.0	8536.0	399.0	SP	3426902.0	79.0	7032.0	89.0126582278481
2023.0	5.0	4006.0	245.0	SP	3445803.0	17.0	243.0	14.294117647058824
2023.0	5.0	3214.0	63.0	SP	3425904.0	102.0	206.0	2.019607843137255
2023.0	12.0	3917.0	23.0	SP	3452205.0	390.0	300577.0	770.7102564102564
2023.0	12.0	4016.0	493.0	SP	3426902.0	3360.0	50793.0	15.116964285714285
2023.0	1.0	9503.0	160.0	SP	3450308.0	375278.0	2401740.0	6.3998955441033045
2023.0	10.0	9026.0	249.0	SP	3429005.0	7.0	3560.0	508.57142857142856
2023.0	9.0	8533.0	249.0	SP	3409502.0	5.0	25560.0	5112.0
2023.0	7.0	3206.0	249.0	SP	3404107.0	262.0	2750.0	10.49618320610687
2023.0	2.0	8487.0	249.0	SP	3452205.0	98.0	7085.0	72.29591836734694
2023.0	7.0	8413.0	249.0	SP	3418800.0	1939.0	230776.0	119.01805054151625
2023.0	10.0	8424.0	245.0	SP	3450308.0	4704.0	73480.0	15.620748299319727
2023.0	9.0	3906.0	23.0	SP	3456206.0	389.0	3761.0	9.668380462724937
2023.0	2.0	3926.0	493.0	SP	3425904.0	564.0	34676.0	61.4822695035461
2023.0	1.0	6306.0	160.0	SP	3450308.0	20175.0	25003.0	1.2393060718711277
2023.0	12.0	8708.0	23.0	SP	3409502.0	211018.0	1988814.0	9.424854751727342
2023.0	2.0	8412.0	190.0	SP	3438709.0	139138.0	988459.0	7.104162773649183
2023.0	2.0	9021.0	249.0	SP	3448807.0	137.0	72073.0	526.0802919708029
2023.0	4.0	9021.0	249.0	SP	3450308.0	4420.0	3967245.0	897.566742081448
2023.0	4.0	9030.0	386.0	SP	3452205.0	69.0	25374.0	367.7391304347826
2023.0	6.0	8523.0	23.0	SP	3425904.0	942.0	19349.0	20.540339702760086
2023.0	10.0	8504.0	249.0	SP	3413009.0	71.0	7621.0	107.33802816901408
2023.0	2.0	8409.0	249.0	SP	3436505.0	7963.0	337409.0	42.372095943739794
2023.0	3.0	8479.0	23.0	SP	3452205.0	22401.0	280205.0	12.508593366367572
2023.0	12.0	8414.0	160.0	SP	3427306.0	3123.0	22565.0	7.2254242715337815
2023.0	8.0	8483.0	249.0	SP	3409502.0	42407.0	1568804.0	36.993986841794985
2023.0	2.0	8501.0	791.0	SP	3448708.0	874.0	24449.0	27.973684210526315
2023.0	6.0	3926.0	160.0	SP	3450308.0	704938.0	2169364.0	3.0773826918111946
2023.0	6.0	7412.0	493.0	SP	3418404.0	2.0	162.0	81.0
2023.0	9.0	8512.0	361.0	SP	3450308.0	774.0	12507.0	16.15891472868217
2023.0	10.0	9026.0	72.0	SP	3409502.0	528.0	88403.0	167.42992424242425
2023.0	11.0	8481.0	249.0	SP	3448708.0	598.0	77288.0	129.24414715719064
2023.0	11.0	8516.0	249.0	SP	3409502.0	5.0	4544.0	908.8
2023.0	1.0	7217.0	190.0	SP	3409502.0	67145.0	106541.0	1.5867302107379553
2023.0	1.0	8483.0	249.0	SP	3405708.0	4243.0	206242.0	48.60758897006835
2023.0	4.0	5402.0	160.0	SP	3452403.0	153962.0	232259.0	1.5085475636845456
2023.0	10.0	8481.0	232.0	SP	3430607.0	7559.0	472334.0	62.486307712660405
2023.0	3.0	4016.0	355.0	SP	3409502.0	116.0	13355.0	115.12931034482759
2023.0	1.0	8409.0	628.0	SP	3418800.0	547.0	58528.0	106.9981718464351
2023.0	7.0	7419.0	249.0	SP	3450308.0	6.0	892.0	148.66666666666666
2023.0	2.0	7326.0	245.0	SP	3420509.0	50.0	2761.0	55.22
2023.0	9.0	5911.0	160.0	SP	3447809.0	380.0	1337.0	3.518421052631579
2023.0	6.0	3215.0	160.0	SP	3423107.0	2106.0	14702.0	6.981006647673314
2023.0	12.0	4819.0	355.0	SP	3450308.0	3151.0	34578.0	10.973659155823547
2023.0	2.0	8479.0	23.0	SP	3413009.0	79.0	17648.0	223.39240506329114
2023.0	4.0	9026.0	87.0	SP	3456701.0	186.0	27782.0	149.36559139784947
2023.0	12.0	8204.0	249.0	SP	3445803.0	215.0	19547.0	90.91627906976744
2023.0	11.0	8517.0	249.0	SP	3452205.0	240.0	36550.0	152.29166666666666
2023.0	8.0	3926.0	23.0	SP	3448807.0	1579.0	58287.0	36.913869537682075
2023.0	7.0	8431.0	23.0	SP	3424006.0	12119.0	267982.0	22.112550540473638
2023.0	6.0	8531.0	365.0	SP	3450308.0	2.0	355.0	177.5
2023.0	2.0	8504.0	23.0	SP	3456701.0	42.0	7450.0	177.38095238095238
2023.0	9.0	4016.0	628.0	SP	3452205.0	899.0	34965.0	38.89321468298109
2023.0	5.0	8301.0	361.0	SP	3420509.0	4.0	44.0	11.0
2023.0	3.0	4820.0	161.0	SP	3409205.0	4.0	37.0	9.25
2023.0	5.0	8482.0	160.0	SP	3413801.0	25369.0	142024.0	5.598328668847806
2023.0	2.0	8413.0	764.0	SP	3452205.0	2607.0	54123.0	20.760644418872268
2023.0	4.0	9027.0	791.0	SP	3405708.0	175.0	55689.0	318.22285714285715
2023.0	7.0	3402.0	23.0	SP	3427306.0	16000.0	28415.0	1.7759375
2023.0	3.0	8443.0	23.0	SP	3407100.0	12000.0	42445.0	3.5370833333333334
2023.0	2.0	9032.0	249.0	SP	3405708.0	345.0	63343.0	183.60289855072463
2023.0	4.0	2836.0	160.0	SP	3425102.0	30000.0	18700.0	0.6233333333333333
2023.0	7.0	8467.0	249.0	SP	3447809.0	20.0	7985.0	399.25
2023.0	9.0	8517.0	275.0	SP	3418800.0	153.0	1887.0	12.333333333333334
2023.0	5.0	8501.0	399.0	SP	3405708.0	29.0	4880.0	168.27586206896552
2023.0	7.0	4016.0	399.0	SP	3452205.0	21892.0	302847.0	13.833683537365248
2023.0	10.0	7318.0	249.0	SP	3403307.0	74.0	14009.0	189.3108108108108
2023.0	7.0	8412.0	573.0	SP	3448708.0	5235.0	31638.0	6.043553008595988
2023.0	4.0	8536.0	246.0	SP	3408405.0	26.0	2915.0	112.11538461538461
2023.0	12.0	8423.0	190.0	SP	3450308.0	6.0	37.0	6.166666666666667
2023.0	1.0	8431.0	160.0	SP	3450308.0	506351.0	1295279.0	2.5580654526208106
2023.0	3.0	2930.0	628.0	SP	3452205.0	3.0	193.0	64.33333333333333
2023.0	1.0	8507.0	249.0	SP	3450308.0	2664.0	67525.0	25.34722222222222
2023.0	9.0	2922.0	767.0	SP	3413009.0	17.0	2447.0	143.94117647058823
2023.0	6.0	8483.0	386.0	SP	3450308.0	32402.0	534254.0	16.48830319116104
2023.0	8.0	8536.0	160.0	SP	3456206.0	4861.0	47109.0	9.691215799218268
2023.0	11.0	8413.0	160.0	SP	3456701.0	47875.0	205173.0	4.285597911227154
2023.0	8.0	8483.0	776.0	SP	3418800.0	13.0	307.0	23.615384615384617
2023.0	11.0	9030.0	246.0	SP	3427306.0	6.0	6825.0	1137.5
2023.0	2.0	5603.0	72.0	SP	3448708.0	100.0	7462.0	74.62
2023.0	8.0	8481.0	160.0	SP	3405708.0	2362.0	59306.0	25.108382726502963
2023.0	6.0	8207.0	23.0	SP	3425904.0	192.0	105523.0	549.5989583333334
2023.0	2.0	8479.0	232.0	SP	3448807.0	57.0	27801.0	487.7368421052632
2023.0	2.0	3926.0	63.0	SP	3456701.0	21.0	3383.0	161.0952380952381
2023.0	7.0	8105.0	23.0	SP	3447809.0	300.0	9343.0	31.143333333333334
2023.0	1.0	6403.0	386.0	SP	3413009.0	133.0	82418.0	619.6842105263158
2023.0	12.0	9023.0	160.0	SP	3448807.0	631.0	34595.0	54.8256735340729
2023.0	8.0	8542.0	474.0	SP	3450308.0	22.0	11029.0	501.3181818181818
2023.0	5.0	6201.0	386.0	SP	3450308.0	181.0	127034.0	701.8453038674033
2023.0	6.0	4016.0	160.0	SP	3452205.0	4627.0	68436.0	14.79057704776313
2023.0	10.0	8517.0	275.0	SP	3418800.0	118.0	2206.0	18.694915254237287
2023.0	1.0	8537.0	493.0	SP	3425904.0	1212.0	133074.0	109.79702970297029
2023.0	8.0	8302.0	249.0	SP	3426902.0	269.0	6542.0	24.319702602230482
2023.0	1.0	9026.0	69.0	SP	3424709.0	5.0	2766.0	553.2
2023.0	5.0	8483.0	23.0	SP	3448807.0	478.0	5303.0	11.094142259414227
2023.0	12.0	3906.0	386.0	SP	3433403.0	6240.0	19346.0	3.1003205128205127
2023.0	12.0	8471.0	160.0	SP	3425904.0	11481.0	5065521.0	441.20904102430103
2023.0	5.0	8539.0	361.0	SP	3449904.0	8.0	5375.0	671.875
2023.0	8.0	8431.0	275.0	SP	3418404.0	33017.0	275604.0	8.347336220734773
2023.0	11.0	8424.0	249.0	SP	3405708.0	433.0	224396.0	518.2355658198614
2023.0	3.0	8482.0	767.0	SP	3413801.0	80.0	6304.0	78.8
2023.0	1.0	7318.0	275.0	SP	3454102.0	6946.0	57490.0	8.276706017852002
2023.0	7.0	7223.0	160.0	SP	3403901.0	2000.0	6651.0	3.3255
2023.0	4.0	8413.0	87.0	SP	3456701.0	344.0	16001.0	46.51453488372093
2023.0	7.0	3821.0	628.0	SP	3413009.0	148.0	12445.0	84.08783783783784
2023.0	10.0	9003.0	161.0	SP	3430805.0	267.0	13615.0	50.99250936329588
2023.0	10.0	4013.0	160.0	SP	3425904.0	217.0	798.0	3.6774193548387095
2023.0	4.0	3910.0	249.0	SP	3450308.0	8066.0	381891.0	47.34577237788247
2023.0	11.0	3926.0	628.0	SP	3456701.0	32.0	5516.0	172.375
2023.0	11.0	9031.0	190.0	SP	3450308.0	145.0	21569.0	148.75172413793103
2023.0	2.0	9018.0	160.0	SP	3449904.0	95.0	14021.0	147.58947368421053
2023.0	8.0	8541.0	160.0	SP	3450308.0	11391149.0	39839389.0	3.4973986381882987
2023.0	8.0	8468.0	160.0	SP	3450308.0	9978.0	88754.0	8.894968931649629
2023.0	8.0	2710.0	249.0	SP	3412803.0	5033.0	46659.0	9.270613947943572
2023.0	8.0	9025.0	160.0	SP	3409502.0	105.0	13916.0	132.53333333333333
2023.0	4.0	8536.0	160.0	SP	3449904.0	5760.0	452730.0	78.59895833333333
2023.0	11.0	8544.0	161.0	SP	3448708.0	7.0	319.0	45.57142857142857
2023.0	12.0	7318.0	160.0	SP	3409205.0	2503.0	31790.0	12.700759089093088
2023.0	3.0	7308.0	160.0	SP	3423909.0	54.0	561.0	10.38888888888889
2023.0	3.0	7222.0	249.0	SP	3443907.0	173.0	8340.0	48.20809248554913
2023.0	5.0	8511.0	23.0	SP	3418800.0	16.0	277.0	17.3125
2023.0	7.0	8536.0	160.0	SP	3450308.0	198945.0	2552488.0	12.830118877076579
2023.0	9.0	8483.0	827.0	SP	3452205.0	1155.0	20106.0	17.40779220779221
2023.0	3.0	8205.0	160.0	SP	3405708.0	1825.0	12085.0	6.6219178082191785
2023.0	2.0	6204.0	361.0	SP	3402754.0	6391.0	127925.0	20.01642935377875
2023.0	3.0	8544.0	160.0	SP	3425904.0	7000.0	219420.0	31.345714285714287
2023.0	11.0	4010.0	23.0	SP	3424402.0	4.0	6656.0	1664.0
2023.0	1.0	3926.0	23.0	SP	3438709.0	7043.0	74555.0	10.58568791708079
2023.0	2.0	8542.0	474.0	SP	3424006.0	274.0	143859.0	525.0328467153284
2023.0	10.0	7320.0	361.0	SP	3438709.0	2.0	277.0	138.5
2023.0	3.0	8406.0	160.0	SP	3430805.0	86.0	6834.0	79.46511627906976
2023.0	4.0	7019.0	764.0	SP	3418800.0	990.0	45936.0	46.4
2023.0	12.0	7412.0	23.0	SP	3450308.0	90.0	16912.0	187.9111111111111
2023.0	11.0	8443.0	23.0	SP	3413009.0	120.0	10281.0	85.675
2023.0	12.0	8477.0	160.0	SP	3429401.0	9579.0	59981.0	6.261718342206911
2023.0	2.0	8536.0	791.0	SP	3413009.0	10.0	588.0	58.8
2023.0	8.0	3901.0	249.0	SP	3450308.0	795500.0	975006.0	1.22565179132621
2023.0	6.0	8516.0	386.0	SP	3448906.0	10665.0	50903.0	4.772902015939991
2023.0	8.0	4418.0	586.0	SP	3450308.0	3640.0	38970.0	10.706043956043956
2023.0	4.0	4010.0	365.0	SP	3456701.0	13.0	125.0	9.615384615384615
2023.0	11.0	9401.0	386.0	SP	3450308.0	976.0	98563.0	100.98668032786885
2023.0	12.0	2204.0	63.0	SP	3450308.0	76757.0	278187.0	3.6242557682035517
2023.0	11.0	8531.0	249.0	SP	3409502.0	137.0	57512.0	419.7956204379562
2023.0	10.0	8421.0	23.0	SP	3438709.0	1635.0	97670.0	59.73700305810397
2023.0	9.0	1806.0	670.0	SP	3450308.0	41979.0	194049.0	4.62252554848853
2023.0	2.0	7318.0	628.0	SP	3438709.0	15342.0	106619.0	6.949485073654022
2023.0	1.0	8536.0	249.0	SP	3409205.0	387.0	28242.0	72.97674418604652
2023.0	11.0	4811.0	386.0	SP	3450308.0	93997.0	311389.0	3.312754662382842
2023.0	11.0	2933.0	23.0	SP	3413009.0	204.0	29408.0	144.15686274509804
2023.0	6.0	2501.0	576.0	SP	3450308.0	108000.0	15332.0	0.14196296296296296
2023.0	10.0	8536.0	245.0	SP	3440606.0	17.0	609.0	35.8235294117647
2023.0	1.0	8708.0	23.0	SP	3448708.0	3079317.0	39002600.0	12.665990542708009
2023.0	11.0	6212.0	160.0	SP	3402754.0	2318.0	50547.0	21.806298533218293
2023.0	3.0	8708.0	190.0	SP	3430607.0	856470.0	12540201.0	14.641728256681494
2023.0	4.0	9504.0	791.0	SP	3409205.0	1.0	19.0	19.0
2023.0	9.0	2932.0	375.0	SP	3413009.0	500.0	76450.0	152.9
2023.0	1.0	8414.0	399.0	SP	3409502.0	683.0	40587.0	59.42459736456808
2023.0	1.0	4901.0	160.0	SP	3405708.0	1469.0	25044.0	17.048332198774677
2023.0	10.0	8543.0	249.0	SP	3448807.0	53.0	20227.0	381.64150943396226
2023.0	8.0	8544.0	23.0	SP	3425904.0	11797.0	235245.0	19.94108671696194
2023.0	2.0	3505.0	72.0	SP	3422505.0	1100.0	6101.0	5.546363636363636
2023.0	2.0	8414.0	161.0	SP	3450308.0	2547.0	22108.0	8.680015704750687
2023.0	5.0	8471.0	628.0	SP	3405708.0	21.0	6805.0	324.04761904761904
2023.0	8.0	7307.0	247.0	SP	3405708.0	17.0	370.0	21.764705882352942
2023.0	5.0	8415.0	603.0	SP	3409205.0	17.0	1662.0	97.76470588235294
2023.0	10.0	2853.0	249.0	SP	3422505.0	217.0	7976.0	36.755760368663594
2023.0	9.0	8483.0	361.0	SP	3431803.0	172.0	1602.0	9.313953488372093
2023.0	4.0	8481.0	767.0	SP	3409205.0	113.0	27035.0	239.24778761061947
2023.0	3.0	8507.0	275.0	SP	3404107.0	166.0	81907.0	493.4156626506024
2023.0	3.0	8483.0	160.0	SP	3450308.0	66549.0	304261.0	4.571984552735579
2023.0	6.0	3910.0	23.0	SP	3425003.0	45007.0	141512.0	3.1442220099095697
2023.0	4.0	8481.0	386.0	SP	3449904.0	9113.0	135456.0	14.864040381872051
2023.0	12.0	3926.0	160.0	SP	3427306.0	352.0	10318.0	29.3125
2023.0	7.0	7320.0	160.0	SP	3438709.0	30678.0	58469.0	1.9058934741508573
2023.0	11.0	8536.0	399.0	SP	3440606.0	232.0	30417.0	131.10775862068965
2023.0	5.0	4016.0	386.0	SP	3415004.0	28.0	1489.0	53.17857142857143
2023.0	9.0	3004.0	23.0	SP	3415004.0	401.0	3686792.0	9193.995012468828
2023.0	10.0	6104.0	160.0	SP	3427306.0	57.0	7708.0	135.2280701754386
2023.0	11.0	8414.0	23.0	SP	3431803.0	243.0	8396.0	34.55144032921811
2023.0	11.0	9403.0	493.0	SP	3450308.0	35.0	764.0	21.82857142857143
2023.0	4.0	7312.0	386.0	SP	3444103.0	3027.0	25040.0	8.272216716220681
2023.0	9.0	8532.0	23.0	SP	3450308.0	16.0	4212.0	263.25
2023.0	12.0	8544.0	249.0	SP	3407506.0	14.0	25027.0	1787.642857142857
2023.0	7.0	8431.0	275.0	SP	3448708.0	57.0	2243.0	39.35087719298246
2023.0	4.0	2842.0	249.0	SP	3413009.0	29.0	2032.0	70.06896551724138
2023.0	6.0	8484.0	160.0	SP	3425904.0	145.0	13400.0	92.41379310344827
2023.0	3.0	3926.0	361.0	SP	3456701.0	63.0	4920.0	78.0952380952381
2023.0	5.0	8536.0	386.0	SP	3456701.0	45.0	4411.0	98.02222222222223
2023.0	11.0	8504.0	820.0	SP	3409205.0	1099.0	11595.0	10.550500454959053
2023.0	9.0	7326.0	23.0	SP	3445209.0	521.0	9869.0	18.942418426103647
2023.0	8.0	3806.0	63.0	SP	3408009.0	28500.0	19950.0	0.7
2023.0	1.0	9401.0	160.0	SP	3407605.0	5611.0	14292.0	2.5471395473177685
2023.0	3.0	7615.0	160.0	SP	3434401.0	16383.0	146978.0	8.971372764450955
2023.0	9.0	8517.0	249.0	SP	3416853.0	321.0	1411553.0	4397.3613707165105
2023.0	11.0	8708.0	628.0	SP	3438709.0	497.0	7300.0	14.688128772635816
2023.0	7.0	8537.0	275.0	SP	3416853.0	422.0	716787.0	1698.547393364929
2023.0	8.0	3919.0	628.0	SP	3450308.0	69.0	1775.0	25.72463768115942
2023.0	3.0	8414.0	275.0	SP	3424006.0	2722.0	75811.0	27.851212343864805
2023.0	8.0	8505.0	160.0	SP	3430300.0	1514.0	7127.0	4.707397622192866
2023.0	5.0	8503.0	386.0	SP	3456206.0	6.0	69.0	11.5
2023.0	8.0	7307.0	249.0	SP	3452205.0	7994.0	219140.0	27.413059794846134
2023.0	4.0	4010.0	249.0	SP	3438709.0	600.0	56110.0	93.51666666666667
2023.0	7.0	6201.0	670.0	SP	3427306.0	2.0	102.0	51.0
2023.0	12.0	9030.0	160.0	SP	3450308.0	8982.0	383127.0	42.65497661990648
2023.0	10.0	8708.0	190.0	SP	3450308.0	2014.0	25418.0	12.620655412115193
2023.0	2.0	3405.0	249.0	SP	3456206.0	20.0	346.0	17.3
2023.0	11.0	4911.0	386.0	SP	3450308.0	107.0	4872.0	45.532710280373834
2023.0	8.0	8479.0	275.0	SP	3409502.0	605.0	16622.0	27.474380165289258
2023.0	3.0	8518.0	764.0	SP	3405708.0	208.0	92045.0	442.52403846153845
2023.0	2.0	4016.0	23.0	SP	3456701.0	1226.0	78050.0	63.66231647634584
2023.0	4.0	3403.0	249.0	SP	3438709.0	306.0	19861.0	64.90522875816994
2023.0	10.0	3215.0	87.0	SP	3452205.0	1480.0	30372.0	20.521621621621623
2023.0	5.0	8421.0	160.0	SP	3450308.0	102990.0	653534.0	6.345606369550442
2023.0	3.0	4911.0	160.0	SP	3426803.0	54.0	450.0	8.333333333333334
2023.0	3.0	6103.0	827.0	SP	3409205.0	3658.0	83527.0	22.834062329141606
2023.0	9.0	8483.0	249.0	SP	3452205.0	155974.0	2455031.0	15.740001538717992
2023.0	11.0	8536.0	149.0	SP	3448906.0	1.0	4000.0	4000.0
2023.0	1.0	8482.0	23.0	SP	3408405.0	3.0	621.0	207.0
2023.0	1.0	9021.0	249.0	SP	3409205.0	56.0	98709.0	1762.6607142857142
2023.0	12.0	2712.0	160.0	SP	3448708.0	12.0	90.0	7.5
2023.0	2.0	5515.0	628.0	SP	3424402.0	7.0	6568.0	938.2857142857143
2023.0	1.0	8544.0	23.0	SP	3456701.0	253.0	12485.0	49.34782608695652
2023.0	4.0	4016.0	628.0	SP	3450308.0	314.0	49136.0	156.48407643312103
2023.0	8.0	8708.0	275.0	SP	3425003.0	26.0	877.0	33.73076923076923
2023.0	3.0	8421.0	386.0	SP	3412803.0	1.0	3066.0	3066.0
2023.0	11.0	2933.0	767.0	SP	3413009.0	61.0	12878.0	211.11475409836066
2023.0	12.0	3919.0	249.0	SP	3449904.0	4541.0	560437.0	123.41708874697203
2023.0	3.0	3203.0	361.0	SP	3418800.0	173.0	5481.0	31.68208092485549
2023.0	7.0	3815.0	249.0	SP	3425904.0	93.0	3265.0	35.10752688172043
2023.0	4.0	8708.0	23.0	SP	3409502.0	252398.0	1521502.0	6.028185643309376
2023.0	7.0	2933.0	767.0	SP	3413009.0	5.0	6214.0	1242.8
2023.0	4.0	8409.0	249.0	SP	3448708.0	19432.0	1709194.0	87.95769864141621
2023.0	6.0	6107.0	160.0	SP	3409205.0	933.0	21246.0	22.771704180064308
2023.0	8.0	8302.0	493.0	SP	3452205.0	576.0	3838.0	6.663194444444445
2023.0	8.0	3506.0	275.0	SP	3425904.0	23642.0	109241.0	4.620632772185094
2023.0	6.0	8538.0	160.0	SP	3418800.0	11315.0	114370.0	10.107821475916925
2023.0	6.0	8484.0	275.0	SP	3450308.0	12.0	13020.0	1085.0
2023.0	5.0	8422.0	386.0	SP	3456206.0	17.0	6841.0	402.4117647058824
2023.0	7.0	6205.0	474.0	SP	3409205.0	2737.0	115998.0	42.381439532334674
2023.0	5.0	8536.0	160.0	SP	3425904.0	6860.0	310304.0	45.23381924198251
2023.0	5.0	7616.0	355.0	SP	3452205.0	4.0	305.0	76.25
2023.0	3.0	9615.0	160.0	SP	3450308.0	39451.0	130239.0	3.301285138526273
2023.0	3.0	8113.0	23.0	SP	3405708.0	354.0	18219.0	51.46610169491525
2023.0	8.0	3923.0	245.0	SP	3415004.0	7826.0	79890.0	10.208280092001022
2023.0	11.0	8532.0	190.0	SP	3450308.0	49.0	543.0	11.081632653061224
2023.0	6.0	3215.0	249.0	SP	3423107.0	666.0	65182.0	97.87087087087087
2023.0	5.0	3302.0	275.0	SP	3418800.0	238.0	36988.0	155.41176470588235
2023.0	9.0	2933.0	767.0	SP	3413009.0	3.0	6725.0	2241.6666666666665
2023.0	4.0	8512.0	149.0	SP	3450308.0	1048.0	60822.0	58.036259541984734
2023.0	10.0	7307.0	23.0	SP	3456701.0	29.0	4459.0	153.75862068965517
2023.0	4.0	3907.0	249.0	SP	3449904.0	42.0	11640.0	277.14285714285717
2023.0	12.0	2918.0	767.0	SP	3413009.0	100.0	35659.0	356.59
2023.0	12.0	9032.0	386.0	SP	3450308.0	147.0	29719.0	202.17006802721087
2023.0	1.0	8708.0	538.0	SP	3456701.0	174.0	4480.0	25.74712643678161
2023.0	8.0	3919.0	628.0	SP	3409502.0	17.0	2486.0	146.23529411764707
2023.0	5.0	9018.0	249.0	SP	3450308.0	16565.0	7707103.0	465.2642921823121
2023.0	9.0	8708.0	190.0	SP	3405708.0	11790.0	237693.0	20.16055979643766
2023.0	6.0	8524.0	160.0	SP	3450308.0	1040.0	40458.0	38.901923076923076
2023.0	4.0	8483.0	764.0	SP	3425904.0	3.0	291.0	97.0
2023.0	8.0	3912.0	160.0	SP	3425003.0	308075.0	1037421.0	3.367430008926398
2023.0	3.0	8412.0	23.0	SP	3428502.0	51.0	1775.0	34.80392156862745
2023.0	9.0	1905.0	87.0	SP	3450308.0	11332.0	52222.0	4.608365690081186
2023.0	8.0	3914.0	249.0	SP	3413009.0	2.0	2100.0	1050.0
2023.0	12.0	9023.0	232.0	SP	3450308.0	7.0	732.0	104.57142857142857
2023.0	5.0	8608.0	23.0	SP	3450308.0	529.0	74272.0	140.4007561436673
2023.0	6.0	2207.0	275.0	SP	3424006.0	3212.0	8813.0	2.7437733499377335
2023.0	7.0	8482.0	386.0	SP	3425904.0	215.0	21655.0	100.72093023255815
2023.0	4.0	8448.0	767.0	SP	3418800.0	2.0	368.0	184.0
2023.0	8.0	8421.0	63.0	SP	3440606.0	236.0	6507.0	27.572033898305083
2023.0	2.0	9506.0	275.0	SP	3415004.0	236.0	1899.0	8.046610169491526
2023.0	2.0	8483.0	361.0	SP	3456701.0	1713.0	6074.0	3.545826036193812
2023.0	6.0	4016.0	249.0	SP	3452502.0	13.0	1290.0	99.23076923076923
2023.0	8.0	8536.0	791.0	SP	3413801.0	867.0	35471.0	40.9123414071511
2023.0	10.0	3005.0	275.0	SP	3448807.0	50.0	318.0	6.36
2023.0	8.0	8421.0	628.0	SP	3420509.0	482.0	12923.0	26.811203319502074
2023.0	6.0	8413.0	386.0	SP	3450308.0	2709.0	72179.0	26.644149132521225
2023.0	12.0	3917.0	160.0	SP	3406003.0	4.0	125.0	31.25
2023.0	4.0	8537.0	493.0	SP	3407506.0	9.0	453.0	50.333333333333336
2023.0	1.0	7326.0	764.0	SP	3413801.0	5571.0	38852.0	6.973972356847963
2023.0	11.0	8537.0	72.0	SP	3456701.0	1.0	27.0	27.0
2023.0	11.0	8483.0	399.0	SP	3452205.0	268.0	21422.0	79.93283582089552
2023.0	9.0	2909.0	399.0	SP	3418800.0	16000.0	52800.0	3.3
2023.0	8.0	9014.0	249.0	SP	3452205.0	271.0	338396.0	1248.6937269372693
2023.0	8.0	8421.0	628.0	SP	3449904.0	1169.0	49652.0	42.473909324208726
2023.0	10.0	9027.0	69.0	SP	3450308.0	662.0	56303.0	85.04984894259819
2023.0	3.0	8409.0	386.0	SP	3452205.0	7797.0	175495.0	22.50801590355265
2023.0	1.0	6205.0	474.0	SP	3409205.0	1158.0	62375.0	53.86442141623489
2023.0	1.0	8541.0	776.0	SP	3450308.0	24.0	11064.0	461.0
2023.0	8.0	8807.0	149.0	SP	3407506.0	924.0	231538.0	250.58225108225108
2023.0	9.0	8205.0	160.0	SP	3450308.0	83251.0	239740.0	2.879725168466445
2023.0	1.0	8536.0	399.0	SP	3405708.0	26558.0	282496.0	10.636945553129001
2023.0	12.0	8536.0	791.0	SP	3409205.0	5181.0	129776.0	25.048446245898475
2023.0	2.0	8485.0	160.0	SP	3450308.0	466.0	34957.0	75.01502145922747
2023.0	3.0	8421.0	23.0	SP	3448500.0	162.0	22842.0	141.0
2023.0	10.0	4016.0	858.0	SP	3450308.0	14.0	729.0	52.07142857142857
2023.0	1.0	8541.0	161.0	SP	3450308.0	473.0	51697.0	109.29598308668076
2023.0	11.0	8501.0	767.0	SP	3425904.0	69.0	27599.0	399.9855072463768
2023.0	6.0	8536.0	160.0	SP	3418800.0	18202.0	905547.0	49.749862652455775
2023.0	3.0	7616.0	275.0	SP	3423404.0	94.0	10016.0	106.55319148936171
2023.0	4.0	9002.0	249.0	SP	3450308.0	5.0	13907.0	2781.4
2023.0	12.0	8409.0	361.0	SP	3450308.0	21335.0	156853.0	7.351910007030701
2023.0	4.0	8538.0	741.0	SP	3447809.0	32.0	9495.0	296.71875
2023.0	4.0	7616.0	386.0	SP	3427306.0	12.0	468.0	39.0
2023.0	5.0	8421.0	756.0	SP	3409502.0	3.0	79.0	26.333333333333332
2023.0	10.0	2922.0	160.0	SP	3450308.0	1121185.0	1776386.0	1.5843825952006136
2023.0	10.0	7318.0	776.0	SP	3456701.0	16.0	234.0	14.625
2023.0	6.0	6307.0	160.0	SP	3450308.0	71993.0	311270.0	4.323614795882933
2023.0	5.0	4821.0	160.0	SP	3409502.0	1.0	4.0	4.0
2023.0	12.0	6104.0	93.0	SP	3415004.0	376.0	15077.0	40.098404255319146
2023.0	4.0	8421.0	573.0	SP	3425904.0	33.0	19870.0	602.1212121212121
2023.0	8.0	6307.0	160.0	SP	3448708.0	16508.0	80567.0	4.8804821904531135
2023.0	3.0	4016.0	249.0	SP	3452403.0	976.0	28828.0	29.53688524590164
2023.0	11.0	3206.0	160.0	SP	3413009.0	41000.0	92383.0	2.2532439024390243
2023.0	12.0	3924.0	160.0	SP	3450308.0	441166.0	1026711.0	2.327266833799522
2023.0	3.0	3215.0	386.0	SP	3409502.0	95.0	4367.0	45.96842105263158
2023.0	6.0	8543.0	160.0	SP	3409205.0	215.0	23728.0	110.36279069767441
2023.0	2.0	3823.0	249.0	SP	3424006.0	15241.0	39128.0	2.5672856111803686
2023.0	9.0	2811.0	246.0	SP	3425904.0	190.0	1631.0	8.58421052631579
2023.0	6.0	8526.0	160.0	SP	3448906.0	360.0	40314.0	111.98333333333333
2023.0	3.0	6204.0	160.0	SP	3415004.0	8110.0	213150.0	26.28236744759556
2023.0	12.0	8517.0	160.0	SP	3452205.0	157040.0	9087054.0	57.86458227203261
2023.0	6.0	8714.0	245.0	SP	3450308.0	58.0	1726.0	29.75862068965517
2023.0	10.0	8467.0	160.0	SP	3448708.0	52397.0	778247.0	14.852892341164571
2023.0	4.0	8487.0	23.0	SP	3409502.0	47.0	16276.0	346.29787234042556
2023.0	11.0	2915.0	23.0	SP	3426902.0	1.0	23.0	23.0
2023.0	11.0	8538.0	232.0	SP	3425904.0	3.0	1337.0	445.6666666666667
2023.0	4.0	8414.0	23.0	SP	3424006.0	3691.0	75913.0	20.567054998645354
2023.0	4.0	4806.0	249.0	SP	3409205.0	1.0	26.0	26.0
2023.0	7.0	8484.0	161.0	SP	3450308.0	854.0	15640.0	18.313817330210775
2023.0	2.0	6202.0	160.0	SP	3409205.0	9093.0	202909.0	22.314857582755966
2023.0	8.0	8544.0	160.0	SP	3419071.0	16233.0	404044.0	24.890285221462452
2023.0	2.0	7318.0	23.0	SP	3450308.0	39387.0	419059.0	10.639525731840456
2023.0	2.0	6203.0	670.0	SP	3450308.0	143.0	47712.0	333.65034965034965
2023.0	1.0	8536.0	275.0	SP	3409205.0	3941.0	198026.0	50.247652879979704
2023.0	9.0	8534.0	245.0	SP	3450308.0	1.0	2149.0	2149.0
2023.0	4.0	8481.0	249.0	SP	3448708.0	1068.0	157261.0	147.24812734082397
2023.0	8.0	8409.0	791.0	SP	3430607.0	18950.0	107363.0	5.665593667546174
2023.0	9.0	2844.0	791.0	SP	3450308.0	7.0	1039.0	148.42857142857142
2023.0	4.0	8517.0	756.0	SP	3416853.0	26.0	350600.0	13484.615384615385
2023.0	10.0	8483.0	249.0	SP	3405708.0	2680.0	87049.0	32.48097014925373
2023.0	11.0	7320.0	386.0	SP	3430805.0	3.0	555.0	185.0
2023.0	1.0	8421.0	249.0	SP	3434401.0	53.0	6792.0	128.1509433962264
2023.0	5.0	9018.0	275.0	SP	3450308.0	1896.0	466928.0	246.27004219409284
2023.0	3.0	8213.0	161.0	SP	3413009.0	1.0	54.0	54.0
2023.0	10.0	8421.0	365.0	SP	3436505.0	233.0	2000.0	8.583690987124463
2023.0	6.0	8474.0	160.0	SP	3446702.0	1.0	130.0	130.0
2023.0	9.0	6104.0	160.0	SP	3415004.0	1682.0	58524.0	34.794292508917955
2023.0	8.0	9031.0	23.0	SP	3450308.0	3034.0	928692.0	306.09492419248517
2023.0	8.0	8541.0	160.0	SP	3451702.0	4.0	2407.0	601.75
2023.0	2.0	6104.0	386.0	SP	3450308.0	95.0	73005.0	768.4736842105264
2023.0	2.0	8422.0	23.0	SP	3448807.0	57.0	5719.0	100.33333333333333
2023.0	12.0	8412.0	566.0	SP	3452205.0	1.0	928.0	928.0
2023.0	9.0	4602.0	81.0	SP	3409205.0	72.0	380.0	5.277777777777778
2023.0	8.0	3926.0	196.0	SP	3450308.0	541.0	45405.0	83.9279112754159
2023.0	5.0	8709.0	628.0	SP	3450308.0	185.0	5251.0	28.383783783783784
2023.0	9.0	9020.0	249.0	SP	3413801.0	267.0	21483.0	80.46067415730337
2023.0	7.0	6813.0	386.0	SP	3409205.0	672.0	23353.0	34.751488095238095
2023.0	11.0	8708.0	603.0	SP	3409205.0	2789.0	43518.0	15.60344209394048
2023.0	7.0	7307.0	603.0	SP	3424709.0	20.0	833.0	41.65
2023.0	9.0	8536.0	160.0	SP	3418800.0	32746.0	817579.0	24.967293715262933
2023.0	1.0	8531.0	158.0	SP	3409205.0	3.0	218.0	72.66666666666667
2023.0	4.0	7616.0	275.0	SP	3424006.0	4.0	788.0	197.0
2023.0	6.0	3910.0	827.0	SP	3449805.0	32.0	6515.0	203.59375
2023.0	6.0	8482.0	245.0	SP	3448708.0	4963.0	45518.0	9.171468869635302
2023.0	10.0	8481.0	628.0	SP	3405708.0	252.0	13703.0	54.37698412698413
2023.0	4.0	8481.0	764.0	SP	3409502.0	60.0	19305.0	321.75
2023.0	3.0	8428.0	573.0	SP	3408504.0	167.0	30544.0	182.89820359281438
2023.0	4.0	3926.0	249.0	SP	3456206.0	1015.0	31355.0	30.891625615763548
2023.0	1.0	8511.0	628.0	SP	3456701.0	51.0	24569.0	481.7450980392157
2023.0	10.0	8535.0	72.0	SP	3438709.0	21.0	3476.0	165.52380952380952
2023.0	1.0	2914.0	160.0	SP	3448708.0	5100.0	20013.0	3.9241176470588237
2023.0	6.0	3505.0	249.0	SP	3429401.0	66407.0	72837.0	1.0968271417169877
2023.0	6.0	3916.0	275.0	SP	3405708.0	462.0	5300.0	11.471861471861471
2023.0	6.0	7326.0	23.0	SP	3423404.0	562.0	101910.0	181.33451957295372
2023.0	6.0	7318.0	160.0	SP	3425904.0	52901.0	245722.0	4.64494054932799
2023.0	12.0	8479.0	361.0	SP	3456701.0	1.0	37.0	37.0
2023.0	6.0	7616.0	249.0	SP	3409502.0	52.0	114649.0	2204.7884615384614
2023.0	8.0	7318.0	160.0	SP	3405708.0	4751.0	20173.0	4.2460534624289625
2023.0	8.0	3827.0	160.0	SP	3443402.0	9701.0	28853.0	2.9742294608803217
2023.0	9.0	4820.0	160.0	SP	3450308.0	84735.0	110096.0	1.2992978108219744
2023.0	8.0	4009.0	23.0	SP	3413801.0	322.0	11938.0	37.07453416149068
2023.0	12.0	7318.0	23.0	SP	3456206.0	11.0	8589.0	780.8181818181819
2023.0	11.0	9027.0	23.0	SP	3403802.0	1.0	294.0	294.0
2023.0	7.0	8708.0	493.0	SP	3409502.0	31054.0	322437.0	10.383106846138984
2023.0	6.0	8708.0	791.0	SP	3409502.0	8033.0	169952.0	21.156728494958298
2023.0	8.0	8421.0	764.0	SP	3436703.0	3516.0	61551.0	17.505972696245735
2023.0	4.0	7318.0	361.0	SP	3418800.0	919.0	20445.0	22.247007616974972
2023.0	11.0	7117.0	196.0	SP	3450308.0	62.0	3682.0	59.38709677419355
2023.0	3.0	9032.0	493.0	SP	3419071.0	38.0	7594.0	199.8421052631579
2023.0	8.0	8511.0	249.0	SP	3420509.0	52.0	6693.0	128.71153846153845
2023.0	2.0	8409.0	573.0	SP	3418701.0	1377.0	101078.0	73.40450254175744
2023.0	8.0	8517.0	160.0	SP	3420509.0	3978.0	1180558.0	296.771744595274
2023.0	4.0	8302.0	249.0	SP	3456701.0	13.0	1250.0	96.15384615384616
2023.0	12.0	8509.0	160.0	SP	3450308.0	126816.0	918332.0	7.241452182689882
2023.0	8.0	7326.0	249.0	SP	3449904.0	1680.0	303494.0	180.65119047619046
2023.0	4.0	9608.0	23.0	SP	3448708.0	4.0	573.0	143.25
2023.0	9.0	8536.0	23.0	SP	3452205.0	3088.0	218578.0	70.78303108808291
2023.0	5.0	6704.0	160.0	SP	3450308.0	133388.0	207896.0	1.558580981797463
2023.0	4.0	3919.0	23.0	SP	3413801.0	14.0	6115.0	436.7857142857143
2023.0	6.0	1209.0	589.0	SP	3419055.0	2.0	26457.0	13228.5
2023.0	4.0	8479.0	764.0	SP	3452205.0	2830.0	211588.0	74.7660777385159
2023.0	4.0	8421.0	275.0	SP	3413009.0	1242.0	55301.0	44.52576489533011
2023.0	10.0	9029.0	149.0	SP	3452205.0	54.0	6596.0	122.14814814814815
2023.0	12.0	8481.0	275.0	SP	3413009.0	2035.0	107021.0	52.59017199017199
2023.0	4.0	7318.0	827.0	SP	3425904.0	858.0	3162.0	3.6853146853146854
2023.0	6.0	8207.0	249.0	SP	3452205.0	305.0	43212.0	141.67868852459017
2023.0	11.0	8482.0	399.0	SP	3450308.0	12676.0	383502.0	30.254181129693908
2023.0	10.0	8545.0	767.0	SP	3424402.0	22273.0	65895.0	2.958514793696404
2023.0	7.0	8481.0	355.0	SP	3424006.0	1976.0	81069.0	41.02682186234818
2023.0	9.0	8481.0	493.0	SP	3450308.0	1359.0	37596.0	27.664459161147903
2023.0	1.0	7325.0	160.0	SP	3424006.0	168.0	421.0	2.505952380952381
2023.0	3.0	8207.0	858.0	SP	3420509.0	3.0	687.0	229.0
2023.0	7.0	4016.0	23.0	SP	3447304.0	37.0	4688.0	126.70270270270271
2023.0	12.0	8501.0	160.0	SP	3418800.0	65764.0	301061.0	4.577899762788151
2023.0	10.0	8534.0	160.0	SP	3406003.0	507.0	8467.0	16.700197238658777
2023.0	6.0	8412.0	386.0	SP	3424402.0	17.0	739.0	43.470588235294116
2023.0	11.0	4016.0	23.0	SP	3423404.0	1925.0	92266.0	47.93038961038961
2023.0	3.0	8514.0	767.0	SP	3405708.0	2.0	449.0	224.5
2023.0	3.0	8483.0	23.0	SP	3447809.0	175.0	14860.0	84.91428571428571
2023.0	10.0	8501.0	249.0	SP	3420509.0	270.0	14059.0	52.07037037037037
2023.0	11.0	3926.0	628.0	SP	3454102.0	205.0	21673.0	105.72195121951219
2023.0	12.0	3907.0	249.0	SP	3452403.0	20906.0	119435.0	5.7129532191715295
2023.0	4.0	8481.0	628.0	SP	3438709.0	586.0	28507.0	48.64675767918089
2023.0	8.0	8542.0	161.0	SP	3425904.0	992.0	17800143.0	17943.69254032258
2023.0	1.0	8503.0	386.0	SP	3450308.0	130.0	3634.0	27.953846153846154
2023.0	6.0	8421.0	628.0	SP	3450308.0	1076.0	114081.0	106.02323420074349
2023.0	8.0	6505.0	160.0	SP	3450308.0	7467.0	192299.0	25.75318066157761
2023.0	12.0	302.0	607.0	SP	3450308.0	133.0	2846.0	21.398496240601503
2023.0	9.0	7318.0	161.0	SP	3447304.0	22.0	119.0	5.409090909090909
2023.0	11.0	9019.0	455.0	SP	3450308.0	1648.0	38671.0	23.465412621359224
2023.0	7.0	8414.0	275.0	SP	3452205.0	1769.0	35765.0	20.217637083097795
2023.0	7.0	8708.0	23.0	SP	3448708.0	1312555.0	11538879.0	8.791158465740484
2023.0	4.0	9025.0	160.0	SP	3438709.0	128.0	20516.0	160.28125
2023.0	6.0	8511.0	245.0	SP	3409502.0	2019.0	31588.0	15.645368994551758
2023.0	3.0	8544.0	767.0	SP	3450308.0	155.0	21392.0	138.01290322580644
2023.0	11.0	3212.0	249.0	SP	3422505.0	1.0	373.0	373.0
2023.0	2.0	8518.0	160.0	SP	3420509.0	47580.0	355405.0	7.469630096679277
2023.0	6.0	3917.0	249.0	SP	3450308.0	4410.0	124865.0	28.3140589569161
2023.0	7.0	8421.0	23.0	SP	3413009.0	452.0	35679.0	78.9358407079646
2023.0	6.0	8482.0	361.0	SP	3448708.0	33947.0	300825.0	8.861607800394733
2023.0	4.0	8537.0	249.0	SP	3424709.0	13.0	1843.0	141.76923076923077
2023.0	2.0	8536.0	776.0	SP	3413801.0	8.0	2150.0	268.75
2023.0	5.0	8483.0	361.0	SP	3452205.0	115808.0	789944.0	6.821152252003316
2023.0	2.0	8544.0	351.0	SP	3405708.0	11.0	26.0	2.3636363636363638
2023.0	1.0	8517.0	383.0	SP	3425904.0	464.0	117609.0	253.4676724137931
2023.0	1.0	8539.0	249.0	SP	3452205.0	8.0	7580.0	947.5
2023.0	2.0	2924.0	249.0	SP	3413009.0	36.0	7526.0	209.05555555555554
2023.0	6.0	8481.0	791.0	SP	3426902.0	32.0	5188.0	162.125
2023.0	1.0	3926.0	23.0	SP	3448708.0	27946.0	686777.0	24.575144922350248
2023.0	2.0	6104.0	160.0	SP	3450308.0	13110.0	299270.0	22.827612509534706
2023.0	9.0	8541.0	160.0	SP	3409502.0	126689.0	1137627.0	8.979682529659245
2023.0	7.0	8543.0	249.0	SP	3449904.0	184.0	605659.0	3291.625
2023.0	10.0	4009.0	275.0	SP	3450308.0	822.0	26175.0	31.843065693430656
2023.0	3.0	3920.0	249.0	SP	3409007.0	4.0	530.0	132.5
2023.0	3.0	5305.0	361.0	SP	3436109.0	113000.0	28851.0	0.25531858407079644
2023.0	3.0	7326.0	386.0	SP	3456701.0	136.0	4544.0	33.411764705882355
2023.0	3.0	8412.0	399.0	SP	3423909.0	167.0	2578.0	15.437125748502995
2023.0	4.0	2905.0	160.0	SP	3454102.0	3725.0	13189.0	3.5406711409395974
2023.0	7.0	7320.0	160.0	SP	3448708.0	83.0	3705.0	44.63855421686747
2023.0	11.0	8471.0	160.0	SP	3418800.0	969.0	102884.0	106.17543859649123
2023.0	11.0	7318.0	249.0	SP	3420509.0	12109.0	132034.0	10.903790568998266
2023.0	2.0	6812.0	361.0	SP	3456701.0	1.0	16.0	16.0
2023.0	1.0	8413.0	399.0	SP	3409502.0	116.0	8205.0	70.73275862068965
2023.0	10.0	8504.0	23.0	SP	3448708.0	9035.0	609021.0	67.40686220254565
2023.0	12.0	8512.0	275.0	SP	3436703.0	293.0	3494.0	11.924914675767917
2023.0	5.0	8708.0	249.0	SP	3438709.0	91621.0	2343106.0	25.57389681404918
2023.0	6.0	8421.0	23.0	SP	3418404.0	11863.0	286136.0	24.120037090112113
2023.0	5.0	8506.0	249.0	SP	3405708.0	2.0	111.0	55.5
2023.0	3.0	7320.0	791.0	SP	3452205.0	3.0	424.0	141.33333333333334
2023.0	9.0	5911.0	386.0	SP	3413801.0	887.0	8518.0	9.60315670800451
2023.0	6.0	8484.0	628.0	SP	3450308.0	221.0	61037.0	276.18552036199094
2023.0	2.0	8708.0	87.0	SP	3425904.0	26.0	1040.0	40.0
2023.0	3.0	8533.0	628.0	SP	3426902.0	4.0	555.0	138.75
2023.0	4.0	8512.0	245.0	SP	3450308.0	7479.0	54568.0	7.296162588581361
2023.0	5.0	9503.0	858.0	SP	3450308.0	23830.0	277709.0	11.653755770037767
2023.0	3.0	8537.0	160.0	SP	3452205.0	14783.0	197153.0	13.336467564093892
2023.0	3.0	8421.0	399.0	SP	3440606.0	20031.0	370193.0	18.481004443113175
2023.0	9.0	6205.0	160.0	SP	3450308.0	6067.0	84312.0	13.896818856106806
2023.0	8.0	8473.0	161.0	SP	3450308.0	200.0	83461.0	417.305
2023.0	11.0	8421.0	355.0	SP	3427306.0	1.0	69.0	69.0
2023.0	4.0	8482.0	399.0	SP	3452502.0	194240.0	1897666.0	9.769697281713345
2023.0	6.0	8537.0	399.0	SP	3452205.0	464.0	50091.0	107.95474137931035
2023.0	12.0	3215.0	160.0	SP	3438709.0	1500.0	9720.0	6.48
2023.0	11.0	7326.0	249.0	SP	3418800.0	6304.0	536189.0	85.0553616751269
2023.0	7.0	8516.0	190.0	SP	3409205.0	194.0	3258.0	16.79381443298969
2023.0	11.0	3919.0	628.0	SP	3418800.0	90.0	4021.0	44.67777777777778
2023.0	10.0	8412.0	160.0	SP	3400501.0	32.0	576.0	18.0
2023.0	10.0	8483.0	23.0	SP	3448906.0	201187.0	809616.0	4.02419639439924
2023.0	3.0	9029.0	23.0	SP	3409502.0	5.0	3178.0	635.6
2023.0	3.0	8412.0	249.0	SP	3420509.0	14275.0	256812.0	17.99033274956217
2023.0	3.0	2912.0	245.0	SP	3450308.0	598.0	57044.0	95.3913043478261
2023.0	5.0	8482.0	670.0	SP	3450308.0	212.0	7577.0	35.740566037735846
2023.0	9.0	9022.0	767.0	SP	3450308.0	19.0	65700.0	3457.8947368421054
2023.0	1.0	9027.0	249.0	SP	3450308.0	2867.0	1847453.0	644.3854202999652
2023.0	10.0	7616.0	160.0	SP	3423404.0	34713.0	493307.0	14.211016045861781
2023.0	2.0	3917.0	249.0	SP	3456701.0	527.0	28224.0	53.55597722960152
2023.0	7.0	7318.0	399.0	SP	3452403.0	418.0	10036.0	24.00956937799043
2023.0	8.0	4202.0	160.0	SP	3427306.0	781.0	16978.0	21.738796414852754
2023.0	11.0	4823.0	249.0	SP	3413009.0	49.0	279.0	5.6938775510204085
2023.0	1.0	2803.0	249.0	SP	3418800.0	33854.0	93782.0	2.770189637856679
2023.0	6.0	8421.0	361.0	SP	3409502.0	402.0	15868.0	39.472636815920396
2023.0	4.0	8481.0	23.0	SP	3436703.0	3436.0	115119.0	33.50378346915017
2023.0	12.0	2929.0	160.0	SP	3418404.0	80000.0	154728.0	1.9341
2023.0	3.0	7409.0	249.0	SP	3450308.0	176.0	9969.0	56.64204545454545
2023.0	10.0	9021.0	196.0	SP	3450308.0	3984.0	539842.0	135.50251004016064
2023.0	10.0	7320.0	160.0	SP	3418800.0	81.0	964.0	11.901234567901234
2023.0	9.0	8307.0	149.0	SP	3425904.0	72.0	756.0	10.5
2023.0	12.0	6505.0	386.0	SP	3450308.0	100.0	86914.0	869.14
2023.0	6.0	7318.0	249.0	SP	3403307.0	42.0	9887.0	235.4047619047619
2023.0	9.0	8544.0	249.0	SP	3425904.0	3209.0	190628.0	59.40417575568713
2023.0	9.0	7318.0	361.0	SP	3409502.0	875.0	23557.0	26.922285714285714
2023.0	4.0	8708.0	72.0	SP	3456701.0	594.0	6572.0	11.063973063973064
2023.0	8.0	7308.0	23.0	SP	3423909.0	2921.0	9460.0	3.2386169120164325
2023.0	5.0	8538.0	23.0	SP	3424709.0	5.0	1155.0	231.0
2023.0	12.0	8708.0	628.0	SP	3452205.0	5651.0	68179.0	12.064944257653513
2023.0	4.0	8504.0	399.0	SP	3404107.0	8.0	4346.0	543.25
2023.0	4.0	7007.0	23.0	SP	3409502.0	41.0	928.0	22.634146341463413
2023.0	12.0	8207.0	245.0	SP	3413801.0	469.0	42466.0	90.54584221748401
2023.0	8.0	8477.0	386.0	SP	3431308.0	13.0	4420.0	340.0
